state,year,price,packs_pc,state_tax,revenue
Alabama,1970,0.427,89.8,0.12,36739131.0
Alabama,1971,0.423,95.4,0.12,39490694.0
Alabama,1972,0.421,101.1,0.12,42198422.0
Alabama,1973,0.431,102.9,0.12,43328876.0
Alabama,1974,0.466,108.2,0.12,45943402.0
Alabama,1975,0.504,111.7,0.12,47956285.0
Alabama,1976,0.501,116.2,0.12,50409197.0
Alabama,1977,0.551,117.1,0.12,51516608.0
Alabama,1978,0.568,123.0,0.12,54460929.0
Alabama,1979,0.606,121.4,0.12,54496057.0
Alabama,1980,0.688,123.2,0.12,55701205.0
Alabama,1981,0.731,119.6,0.16,72852874.0
Alabama,1982,0.844,119.1,0.16,74641962.0
Alabama,1983,0.908,116.3,0.16,73371489.0
Alabama,1984,0.99,113.0,0.16,72144256.0
Alabama,1985,1.03,114.5,0.165,76693928.0
Alabama,1986,1.1,116.3,0.165,77175083.0
Alabama,1987,1.144,114.0,0.165,77097672.0
Alabama,1988,1.223,112.1,0.165,76529290.0
Alabama,1989,1.391,105.6,0.165,74959156.0
Alabama,1990,1.444,108.6,0.165,74656216.0
Alabama,1991,1.722,107.9,0.165,73585654.0
Alabama,1992,1.762,109.1,0.165,73149118.0
Alabama,1993,1.546,108.5,0.165,72619924.0
Alabama,1994,1.551,107.1,0.165,72324900.0
Alabama,1995,1.583,102.6,0.165,70450119.0
Alabama,1996,1.674,101.4,0.165,70950600.0
Alabama,1997,1.805,104.9,0.165,73953302.0
Alabama,1998,1.956,106.2,0.165,74878439.0
Alabama,1999,2.707,100.7,0.165,71844367.0
Alabama,2000,2.884,96.2,0.165,70664938.0
Alabama,2001,3.23,90.5,0.165,66373279.0
Alabama,2002,3.282,84.8,0.165,62450667.0
Alabama,2003,3.234,82.2,0.165,61161426.0
Alabama,2004,3.569,87.9,0.425,71463596.0
Alabama,2005,3.56,82.4,0.425,158457030.0
Alabama,2006,3.535,83.3,0.425,161434908.0
Alabama,2007,3.759,80.2,0.425,156820995.0
Alabama,2008,3.752,78.0,0.425,153461159.0
Alabama,2009,4.548,75.6,0.425,149746028.0
Alabama,2010,4.726,71.5,0.425,143144386.0
Alabama,2011,4.845,68.4,0.425,138999738.0
Alabama,2012,4.841,67.2,0.425,137207735.0
Alabama,2013,4.942,64.6,0.425,132215587.0
Alabama,2014,5.102,61.7,0.425,126853195.0
Alabama,2015,5.305,60.7,0.425,125105125.0
Alabama,2016,5.41,60.1,0.675,163948123.0
Alabama,2017,5.452,58.1,0.675,180386973.0
Alabama,2018,5.55,54.7,0.675,172649066.0
Alabama,2019,5.784,53.1,0.675,165763113.0
Alaska,1970,0.418,121.3,0.08,2737000.0
Alaska,1971,0.421,123.0,0.08,2996000.0
Alaska,1972,0.42,130.0,0.08,3255000.0
Alaska,1973,0.438,125.8,0.08,3274000.0
Alaska,1974,0.449,130.4,0.08,3444000.0
Alaska,1975,0.483,150.4,0.08,4056000.0
Alaska,1976,0.515,164.8,0.08,4649000.0
Alaska,1977,0.563,159.3,0.08,4868000.0
Alaska,1978,0.571,143.6,0.08,4676000.0
Alaska,1979,0.609,138.1,0.08,4451000.0
Alaska,1980,0.635,134.0,0.08,4351000.0
Alaska,1981,0.728,144.0,0.08,4607000.0
Alaska,1982,0.86,148.3,0.08,4888000.0
Alaska,1983,0.962,146.9,0.08,5148000.0
Alaska,1984,1.027,133.6,0.08,5341000.0
Alaska,1985,1.1,128.9,0.08,5395000.0
Alaska,1986,1.215,126.3,0.16,8191000.0
Alaska,1987,1.254,110.4,0.16,9503000.0
Alaska,1988,1.394,80.0,0.16,8865000.0
Alaska,1989,1.702,94.4,0.16,8130515.0
Alaska,1990,2.017,100.2,0.16,13450527.0
Alaska,1991,2.073,101.8,0.29,16377954.0
Alaska,1992,2.191,98.5,0.29,15812651.0
Alaska,1993,2.009,95.2,0.29,15321090.0
Alaska,1994,2.014,94.1,0.29,15548000.0
Alaska,1995,2.125,89.5,0.29,15752759.0
Alaska,1996,2.144,89.9,0.29,15907733.0
Alaska,1997,2.97,81.7,0.29,14379771.0
Alaska,1998,3.276,78.6,0.29,28431309.0
Alaska,1999,4.047,70.5,1.0,42915000.0
Alaska,2000,4.397,66.0,1.0,43091506.0
Alaska,2001,4.433,65.2,1.0,40893899.0
Alaska,2002,4.591,63.7,1.0,40434020.0
Alaska,2003,4.415,63.6,1.0,40239153.0
Alaska,2004,5.03,63.6,1.0,41260582.0
Alaska,2005,5.61,60.2,1.6,48750294.0
Alaska,2006,5.819,54.5,1.6,57910992.0
Alaska,2007,6.351,52.9,1.8,63849816.0
Alaska,2008,6.69,47.0,2.0,64193492.0
Alaska,2009,7.605,45.8,2.0,62882219.0
Alaska,2010,7.607,43.8,2.0,61237633.0
Alaska,2011,8.494,43.3,2.0,61478147.0
Alaska,2012,8.3,41.2,2.0,59586835.0
Alaska,2013,8.659,39.0,2.0,56983372.0
Alaska,2014,8.901,37.2,2.0,54624390.0
Alaska,2015,9.018,35.8,2.0,52702165.0
Alaska,2016,9.013,35.6,2.0,52573488.0
Alaska,2017,9.253,32.9,2.0,48857026.0
Alaska,2018,9.37,31.1,2.0,46021896.0
Alaska,2019,9.553,30.4,2.0,44773153.0
Arizona,1970,0.385,115.2,0.1,19510371.0
Arizona,1971,0.38,109.6,0.1,19640088.0
Arizona,1972,0.387,125.0,0.1,23116211.0
Arizona,1973,0.392,128.3,0.1,24963408.0
Arizona,1974,0.477,133.1,0.1,27387025.0
Arizona,1975,0.491,121.8,0.13,34513342.0
Arizona,1976,0.487,122.3,0.13,35349459.0
Arizona,1977,0.536,121.7,0.13,35910542.0
Arizona,1978,0.586,124.7,0.13,37232113.0
Arizona,1979,0.608,124.6,0.13,38135772.0
Arizona,1980,0.633,126.8,0.13,40387868.0
Arizona,1981,0.733,113.8,0.13,40210749.0
Arizona,1982,0.805,113.5,0.13,41240299.0
Arizona,1983,0.928,111.1,0.13,41322538.0
Arizona,1984,0.988,107.1,0.13,42047774.0
Arizona,1985,1.067,107.1,0.15,49914889.0
Arizona,1986,1.135,107.9,0.15,51271543.0
Arizona,1987,1.135,106.1,0.15,51756221.0
Arizona,1988,1.256,102.2,0.15,52761017.0
Arizona,1989,1.302,96.8,0.15,50497361.0
Arizona,1990,1.514,88.9,0.15,47367639.0
Arizona,1991,1.657,81.2,0.15,52400987.0
Arizona,1992,1.836,79.0,0.18,53152206.0
Arizona,1993,1.621,80.3,0.18,54098346.0
Arizona,1994,1.629,79.0,0.18,54392580.0
Arizona,1995,2.079,77.3,0.18,109614212.0
Arizona,1996,2.22,71.4,0.58,171622649.0
Arizona,1997,2.31,64.6,0.58,166315143.0
Arizona,1998,2.501,66.0,0.58,169626199.0
Arizona,1999,3.177,61.7,0.58,166481637.0
Arizona,2000,3.458,58.5,0.58,162795250.0
Arizona,2001,3.606,54.1,0.58,160870757.0
Arizona,2002,3.85,52.0,0.58,160155700.0
Arizona,2003,4.031,48.2,1.18,216941668.0
Arizona,2004,3.967,42.5,1.18,280173860.0
Arizona,2005,4.156,42.3,1.18,286386310.0
Arizona,2006,4.35,42.2,1.18,296078470.0
Arizona,2007,5.202,37.5,2.0,354887901.0
Arizona,2008,5.466,31.8,2.0,397172122.0
Arizona,2009,6.274,28.6,2.0,371476941.0
Arizona,2010,6.459,24.8,2.0,327381714.0
Arizona,2011,6.492,27.1,2.0,328721247.0
Arizona,2012,6.6,25.0,2.0,322217444.0
Arizona,2013,6.622,24.4,2.0,316111769.0
Arizona,2014,6.752,23.0,2.0,304872144.0
Arizona,2015,6.916,23.0,2.0,310164906.0
Arizona,2016,6.923,23.1,2.0,318976882.0
Arizona,2017,7.104,22.5,2.0,316089295.0
Arizona,2018,7.362,21.8,2.0,306302317.0
Arizona,2019,7.513,20.7,2.0,296712275.0
Arkansas,1970,0.388,100.3,0.1225,24493875.0
Arkansas,1971,0.441,104.1,0.1775,27438688.0
Arkansas,1972,0.451,103.9,0.1775,35848433.0
Arkansas,1973,0.455,108.0,0.1775,37917550.0
Arkansas,1974,0.486,109.7,0.1775,39654387.0
Arkansas,1975,0.509,114.8,0.1775,42027562.0
Arkansas,1976,0.526,119.1,0.1775,44721125.0
Arkansas,1977,0.565,122.6,0.1775,45878425.0
Arkansas,1978,0.584,127.3,0.1775,48463712.0
Arkansas,1979,0.615,126.5,0.1775,49072538.0
Arkansas,1980,0.647,131.8,0.1775,50988650.0
Arkansas,1981,0.721,128.7,0.1775,52216063.0
Arkansas,1982,0.82,127.4,0.1775,51931175.0
Arkansas,1983,0.936,128.0,0.21,54616725.0
Arkansas,1984,0.985,123.1,0.21,60611138.0
Arkansas,1985,1.036,125.8,0.21,62733844.0
Arkansas,1986,1.13,126.0,0.21,62155739.0
Arkansas,1987,1.199,122.3,0.21,61658584.0
Arkansas,1988,1.277,121.5,0.21,61767668.0
Arkansas,1989,1.412,118.3,0.21,60710757.0
Arkansas,1990,1.465,113.1,0.21,57859721.0
Arkansas,1991,1.773,116.8,0.21,57851063.0
Arkansas,1992,1.799,126.0,0.21,65362674.0
Arkansas,1993,1.681,113.8,0.22,72196949.0
Arkansas,1994,1.673,108.8,0.345,81346688.0
Arkansas,1995,1.671,113.0,0.315,86742788.0
Arkansas,1996,1.813,110.7,0.315,85978675.0
Arkansas,1997,1.873,108.7,0.315,85952917.0
Arkansas,1998,2.069,109.5,0.315,86593871.0
Arkansas,1999,2.793,104.8,0.315,83303347.0
Arkansas,2000,2.944,99.4,0.315,82409447.0
Arkansas,2001,3.3,101.7,0.315,85619768.0
Arkansas,2002,3.522,87.2,0.34,79846771.0
Arkansas,2003,3.596,91.6,0.59,86736560.0
Arkansas,2004,3.535,79.8,0.59,131000087.0
Arkansas,2005,3.53,82.1,0.59,129860482.0
Arkansas,2006,3.714,81.4,0.59,133418145.0
Arkansas,2007,3.822,78.4,0.59,127394493.0
Arkansas,2008,3.93,77.0,0.59,128864614.0
Arkansas,2009,5.288,72.6,1.15,148826375.0
Arkansas,2010,5.454,63.2,1.15,206311982.0
Arkansas,2011,5.551,61.1,1.15,200418005.0
Arkansas,2012,5.485,60.5,1.15,199654545.0
Arkansas,2013,5.521,57.5,1.15,190245330.0
Arkansas,2014,5.508,54.4,1.15,179735100.0
Arkansas,2015,5.655,54.0,1.15,177322717.0
Arkansas,2016,5.744,54.2,1.15,179027016.0
Arkansas,2017,5.958,52.4,1.15,173931263.0
Arkansas,2018,6.055,50.2,1.15,167579954.0
Arkansas,2019,6.259,47.6,1.15,161909335.0
California,1970,0.397,123.0,0.1,239111000.0
California,1971,0.399,121.0,0.1,241878000.0
California,1972,0.399,123.5,0.1,249849000.0
California,1973,0.419,124.4,0.1,254630000.0
California,1974,0.45,126.7,0.1,261029000.0
California,1975,0.483,127.1,0.1,265698000.0
California,1976,0.49,128.0,0.1,271234000.0
California,1977,0.587,126.4,0.1,272021000.0
California,1978,0.601,126.1,0.1,276202000.0
California,1979,0.621,121.9,0.1,271823000.0
California,1980,0.664,120.2,0.1,272774000.0
California,1981,0.728,118.6,0.1,280626000.0
California,1982,0.849,115.4,0.1,279205000.0
California,1983,0.949,110.8,0.1,273943000.0
California,1984,0.98,104.8,0.1,265535000.0
California,1985,1.044,102.8,0.1,265403000.0
California,1986,1.039,99.7,0.1,261213000.0
California,1987,1.174,97.5,0.1,256877000.0
California,1988,1.264,90.1,0.1,251614000.0
California,1989,1.638,82.4,0.35,503985000.0
California,1990,1.868,77.8,0.35,777806372.0
California,1991,2.019,68.7,0.35,729532100.0
California,1992,2.051,67.5,0.35,717361867.0
California,1993,1.903,63.4,0.35,673194758.0
California,1994,1.951,58.6,0.37,653545894.0
California,1995,1.979,56.4,0.37,662551030.0
California,1996,2.003,54.5,0.37,644499085.0
California,1997,2.078,53.8,0.37,634972518.0
California,1998,2.249,52.3,0.37,617309414.0
California,1999,3.512,47.2,0.87,849117471.0
California,2000,3.655,41.6,0.87,1176859405.0
California,2001,3.977,38.0,0.87,1120194150.0
California,2002,4.081,35.8,0.87,1074322864.0
California,2003,3.947,34.7,0.87,1040616216.0
California,2004,3.841,33.1,0.87,1030056989.0
California,2005,3.953,33.1,0.87,1032870955.0
California,2006,3.95,32.9,0.87,1035290841.0
California,2007,4.197,31.8,0.87,1007354061.0
California,2008,4.292,30.3,0.87,963072445.0
California,2009,5.087,28.8,0.87,920204311.0
California,2010,5.374,26.3,0.87,845928927.0
California,2011,5.395,26.0,0.87,843072021.0
California,2012,5.4,25.2,0.87,827497368.0
California,2013,5.51,23.9,0.87,788753850.0
California,2014,5.475,22.7,0.87,757512960.0
California,2015,5.607,22.3,0.87,754358820.0
California,2016,5.607,22.0,0.87,748095546.0
California,2017,7.659,20.5,2.87,956712690.0
California,2018,7.862,16.6,2.87,1887613448.0
California,2019,8.141,15.8,2.87,1791254942.0
Colorado,1970,0.311,124.8,0.05,13101000.0
Colorado,1971,0.312,125.5,0.05,13967000.0
Colorado,1972,0.327,134.3,0.05,15328000.0
Colorado,1973,0.381,137.9,0.05,16255000.0
Colorado,1974,0.417,132.8,0.1,32364000.0
Colorado,1975,0.448,131.0,0.1,32710000.0
Colorado,1976,0.447,134.2,0.1,33914000.0
Colorado,1977,0.574,132.0,0.1,34098000.0
Colorado,1978,0.528,129.2,0.15,50757000.0
Colorado,1979,0.546,131.5,0.1,35108000.0
Colorado,1980,0.581,131.0,0.1,36311000.0
Colorado,1981,0.614,133.8,0.1,38656000.0
Colorado,1982,0.733,130.5,0.1,38705000.0
Colorado,1983,0.834,125.3,0.1,38157000.0
Colorado,1984,0.931,119.7,0.15,49528000.0
Colorado,1985,0.951,112.4,0.15,54369000.0
Colorado,1986,1.086,109.9,0.15,53052000.0
Colorado,1987,1.16,102.4,0.2,66972910.0
Colorado,1988,1.308,94.6,0.2,63320608.0
Colorado,1989,1.493,88.8,0.2,59822164.0
Colorado,1990,1.457,87.4,0.2,58895309.0
Colorado,1991,1.575,90.2,0.2,59892549.0
Colorado,1992,1.682,88.3,0.2,58654419.0
Colorado,1993,1.532,88.6,0.2,58864837.0
Colorado,1994,1.642,89.1,0.2,60025673.0
Colorado,1995,1.696,85.4,0.2,61736338.0
Colorado,1996,1.744,83.1,0.2,61731047.0
Colorado,1997,1.858,81.3,0.2,62140937.0
Colorado,1998,2.042,81.2,0.2,62048112.0
Colorado,1999,2.813,79.6,0.2,61882583.0
Colorado,2000,2.933,73.0,0.2,60818207.0
Colorado,2001,3.061,70.4,0.2,60567252.0
Colorado,2002,3.264,66.2,0.2,58518066.0
Colorado,2003,3.214,63.8,0.2,56330686.0
Colorado,2004,3.429,60.7,0.2,55255011.0
Colorado,2005,4.036,57.9,0.84,116600483.0
Colorado,2006,4.025,53.1,0.84,208072655.0
Colorado,2007,4.213,51.1,0.84,204048087.0
Colorado,2008,4.203,48.4,0.84,197765465.0
Colorado,2009,5.078,46.0,0.84,191018492.0
Colorado,2010,5.097,41.4,0.84,176557976.0
Colorado,2011,5.216,40.6,0.84,171531588.0
Colorado,2012,5.299,40.6,0.84,174467790.0
Colorado,2013,5.415,38.3,0.84,167059169.0
Colorado,2014,5.431,36.7,0.84,162218960.0
Colorado,2015,5.443,36.3,0.84,163117891.0
Colorado,2016,5.49,35.8,0.84,163999393.0
Colorado,2017,5.696,34.5,0.84,160413997.0
Colorado,2018,5.873,32.1,0.84,151345229.0
Colorado,2019,6.06,30.4,0.84,145551255.0
Connecticut,1970,0.455,120.0,0.16,57913000.0
Connecticut,1971,0.513,117.6,0.16,57202000.0
Connecticut,1972,0.506,110.8,0.21,69983000.0
Connecticut,1973,0.525,109.3,0.21,70720000.0
Connecticut,1974,0.545,112.4,0.21,72582000.0
Connecticut,1975,0.576,110.2,0.21,71458000.0
Connecticut,1976,0.584,113.4,0.21,73701000.0
Connecticut,1977,0.617,117.3,0.21,76803000.0
Connecticut,1978,0.644,117.5,0.21,76700000.0
Connecticut,1979,0.67,117.4,0.21,76544000.0
Connecticut,1980,0.801,118.0,0.21,77161000.0
Connecticut,1981,0.856,116.4,0.21,75961000.0
Connecticut,1982,0.956,114.7,0.21,75483000.0
Connecticut,1983,1.135,114.1,0.21,75564000.0
Connecticut,1984,1.186,112.5,0.26,90454000.0
Connecticut,1985,1.185,111.0,0.26,90922000.0
Connecticut,1986,1.227,108.5,0.26,89483000.0
Connecticut,1987,1.297,109.0,0.26,90031000.0
Connecticut,1988,1.42,104.8,0.26,88352000.0
Connecticut,1989,1.712,100.6,0.4,97623000.0
Connecticut,1990,1.695,91.5,0.4,119516086.0
Connecticut,1991,1.935,86.7,0.4,114506710.0
Connecticut,1992,2.023,83.6,0.4,120786957.0
Connecticut,1993,2.056,79.1,0.45,117494262.0
Connecticut,1994,2.054,76.6,0.45,119272088.0
Connecticut,1995,2.063,79.3,0.47,129752865.0
Connecticut,1996,2.085,76.0,0.5,124388937.0
Connecticut,1997,2.179,75.9,0.5,123589875.0
Connecticut,1998,2.365,75.5,0.5,123618156.0
Connecticut,1999,3.123,73.4,0.5,120025312.0
Connecticut,2000,3.192,71.4,0.5,117215187.0
Connecticut,2001,3.545,68.7,0.5,117001000.0
Connecticut,2002,4.318,66.4,1.11,151324307.0
Connecticut,2003,4.684,59.7,1.51,251978914.0
Connecticut,2004,4.708,53.1,1.51,279555397.0
Connecticut,2005,4.733,49.9,1.51,270187452.0
Connecticut,2006,4.67,50.9,1.51,269670000.0
Connecticut,2007,5.358,50.5,1.51,264019838.0
Connecticut,2008,5.584,47.4,2.0,331970817.0
Connecticut,2009,7.474,45.9,2.0,321568623.0
Connecticut,2010,7.548,40.8,3.0,382087683.0
Connecticut,2011,8.005,36.3,3.0,389770000.0
Connecticut,2012,8.329,33.5,3.4,410490194.0
Connecticut,2013,8.214,31.4,3.4,382919319.0
Connecticut,2014,8.211,30.1,3.4,367577400.0
Connecticut,2015,8.6,28.6,3.4,350286669.0
Connecticut,2016,8.892,28.3,3.65,364451380.0
Connecticut,2017,9.254,26.5,3.9,369918221.0
Connecticut,2018,9.753,23.8,4.35,355589691.0
Connecticut,2019,10.043,21.9,4.35,343079595.0
Delaware,1970,0.413,155.0,0.11,9328000.0
Delaware,1971,0.447,161.1,0.11,9805000.0
Delaware,1972,0.44,156.3,0.14,11983000.0
Delaware,1973,0.442,154.7,0.14,12236000.0
Delaware,1974,0.459,151.3,0.14,12206000.0
Delaware,1975,0.501,147.6,0.14,11847000.0
Delaware,1976,0.517,153.0,0.14,12409000.0
Delaware,1977,0.587,153.3,0.14,12493000.0
Delaware,1978,0.6,155.5,0.14,12672000.0
Delaware,1979,0.627,150.2,0.14,12260000.0
Delaware,1980,0.66,150.5,0.14,12261000.0
Delaware,1981,0.741,152.6,0.14,12714000.0
Delaware,1982,0.82,154.1,0.14,12904000.0
Delaware,1983,0.911,149.6,0.14,12605000.0
Delaware,1984,0.987,144.0,0.14,12278000.0
Delaware,1985,1.052,144.5,0.14,12518000.0
Delaware,1986,1.114,142.4,0.14,12569000.0
Delaware,1987,1.193,141.0,0.14,12441583.0
Delaware,1988,1.24,137.1,0.14,12472294.0
Delaware,1989,1.4,131.7,0.14,12115228.0
Delaware,1990,1.432,127.2,0.14,11701261.0
Delaware,1991,1.747,118.8,0.14,17463430.0
Delaware,1992,1.879,120.0,0.24,19489890.0
Delaware,1993,1.525,123.8,0.24,20003796.0
Delaware,1994,1.607,126.1,0.24,20705148.0
Delaware,1995,1.691,127.2,0.24,21475896.0
Delaware,1996,1.719,128.3,0.24,21924220.0
Delaware,1997,1.792,124.1,0.24,21609756.0
Delaware,1998,1.983,132.8,0.24,23095680.0
Delaware,1999,2.762,139.5,0.24,24551400.0
Delaware,2000,2.887,140.7,0.24,25956720.0
Delaware,2001,3.171,141.4,0.24,26588160.0
Delaware,2002,3.23,142.4,0.24,27218880.0
Delaware,2003,3.532,184.2,0.24,35223120.0
Delaware,2004,3.411,176.0,0.55,72607229.0
Delaware,2005,3.484,178.8,0.55,82412306.0
Delaware,2006,3.56,183.6,0.55,86091401.0
Delaware,2007,4.239,185.2,0.55,88005886.0
Delaware,2008,4.215,133.3,1.15,118708899.0
Delaware,2009,5.351,122.8,1.15,125387267.0
Delaware,2010,5.577,95.0,1.6,128799000.0
Delaware,2011,5.621,87.6,1.6,125650238.0
Delaware,2012,5.833,84.9,1.6,122961514.0
Delaware,2013,5.8,77.1,1.6,112948060.0
Delaware,2014,5.818,71.2,1.6,105258270.0
Delaware,2015,5.86,70.1,1.6,104697728.0
Delaware,2016,5.993,68.1,1.6,102862770.0
Delaware,2017,6.618,72.6,1.6,110384640.0
Delaware,2018,6.846,64.2,2.1,122111640.0
Delaware,2019,7.091,56.9,2.1,113012160.0
District of Columbia,1970,0.326,200.4,0.04,5801000.0
District of Columbia,1971,0.337,213.0,0.04,6416000.0
District of Columbia,1972,0.345,220.6,0.04,6532000.0
District of Columbia,1973,0.36,209.4,0.06,8022000.0
District of Columbia,1974,0.394,182.7,0.06,8165000.0
District of Columbia,1975,0.478,176.5,0.06,7640000.0
District of Columbia,1976,0.519,167.7,0.1,10137000.0
District of Columbia,1977,0.598,136.7,0.13,12669000.0
District of Columbia,1978,0.593,130.3,0.13,11640000.0
District of Columbia,1979,0.656,128.5,0.13,11201000.0
District of Columbia,1980,0.69,129.7,0.13,11007000.0
District of Columbia,1981,0.748,131.9,0.13,10873000.0
District of Columbia,1982,0.863,132.0,0.13,10782000.0
District of Columbia,1983,0.985,124.5,0.13,10260000.0
District of Columbia,1984,1.004,124.6,0.13,9987000.0
District of Columbia,1985,1.093,122.1,0.13,9874000.0
District of Columbia,1986,1.125,117.2,0.13,9500000.0
District of Columbia,1987,1.19,113.0,0.17,9595000.0
District of Columbia,1988,1.359,105.4,0.17,10930000.0
District of Columbia,1989,1.457,101.1,0.17,10717000.0
District of Columbia,1990,1.433,84.1,0.17,8916000.0
District of Columbia,1991,1.874,82.2,0.17,8439000.0
District of Columbia,1992,2.121,82.6,0.17,14272000.0
District of Columbia,1993,2.131,68.0,0.5,20611000.0
District of Columbia,1994,2.219,54.1,0.5,21412000.0
District of Columbia,1995,2.332,57.9,0.65,21623000.0
District of Columbia,1996,2.304,56.0,0.65,20596000.0
District of Columbia,1997,2.365,54.3,0.65,19199000.0
District of Columbia,1998,2.533,50.9,0.65,17952000.0
District of Columbia,1999,3.24,50.8,0.65,17420000.0
District of Columbia,2000,3.554,50.2,0.65,17050000.0
District of Columbia,2001,3.714,43.9,0.65,16329000.0
District of Columbia,2002,3.811,44.4,0.65,16465000.0
District of Columbia,2003,4.104,45.6,1.0,20488000.0
District of Columbia,2004,4.197,38.4,1.0,21633000.0
District of Columbia,2005,4.256,37.3,1.0,20674000.0
District of Columbia,2006,4.235,42.2,1.0,23219000.0
District of Columbia,2007,4.3,38.1,1.0,22167000.0
District of Columbia,2008,5.096,38.1,1.0,22865000.0
District of Columbia,2009,6.688,33.4,2.0,33245000.0
District of Columbia,2010,7.13,23.1,2.5,32258549.0
District of Columbia,2011,7.113,24.2,2.5,36360219.0
District of Columbia,2012,7.366,20.0,2.86,34148060.0
District of Columbia,2013,7.39,18.6,2.86,34304210.0
District of Columbia,2014,7.312,16.2,2.86,30467365.0
District of Columbia,2015,7.509,15.8,2.9,30616929.0
District of Columbia,2016,7.704,14.8,2.91,29405456.0
District of Columbia,2017,7.936,13.2,2.92,26237239.0
District of Columbia,2018,9.863,12.9,2.94,26287476.0
District of Columbia,2019,10.418,9.1,4.94,27419844.0
Florida,1970,0.438,123.6,0.15,117819000.0
Florida,1971,0.468,123.0,0.15,126319000.0
Florida,1972,0.474,126.0,0.17,151859000.0
Florida,1973,0.481,132.6,0.17,163632000.0
Florida,1974,0.517,136.0,0.17,177469000.0
Florida,1975,0.559,131.9,0.17,181452000.0
Florida,1976,0.559,130.3,0.17,185059000.0
Florida,1977,0.663,133.1,0.17,190607000.0
Florida,1978,0.665,133.4,0.21,236587000.0
Florida,1979,0.698,135.4,0.21,244444000.0
Florida,1980,0.728,139.0,0.21,258648000.0
Florida,1981,0.79,132.8,0.21,271618000.0
Florida,1982,0.905,131.8,0.21,281771000.0
Florida,1983,0.993,127.6,0.21,278995000.0
Florida,1984,1.042,124.7,0.21,283263000.0
Florida,1985,1.138,124.2,0.21,291172000.0
Florida,1986,1.208,124.7,0.21,295577556.0
Florida,1987,1.305,125.1,0.24,351727705.0
Florida,1988,1.398,119.5,0.24,350159584.0
Florida,1989,1.501,113.8,0.24,341991205.0
Florida,1990,1.748,110.1,0.24,330390606.0
Florida,1991,1.87,98.2,0.24,443173112.0
Florida,1992,1.937,95.9,0.339,430165803.0
Florida,1993,1.716,96.8,0.339,427857405.0
Florida,1994,1.733,93.6,0.339,428232716.0
Florida,1995,1.798,95.4,0.339,447593128.0
Florida,1996,1.827,91.8,0.339,439057697.0
Florida,1997,1.918,93.0,0.339,454116714.0
Florida,1998,2.156,91.7,0.339,447713978.0
Florida,1999,2.863,88.2,0.339,438240758.0
Florida,2000,3.023,82.5,0.339,426268878.0
Florida,2001,3.324,78.6,0.339,425732302.0
Florida,2002,3.391,77.9,0.339,432429797.0
Florida,2003,3.312,76.7,0.339,426546465.0
Florida,2004,3.247,74.2,0.339,427985959.0
Florida,2005,3.433,75.3,0.339,443845242.0
Florida,2006,3.435,71.9,0.339,432823038.0
Florida,2007,3.606,69.9,0.339,428877036.0
Florida,2008,3.566,67.9,0.339,410912748.0
Florida,2009,5.475,70.6,0.339,426710826.0
Florida,2010,5.527,50.0,1.339,1242236429.0
Florida,2011,5.519,49.7,1.339,1250816674.0
Florida,2012,5.549,45.9,1.339,1171575000.0
Florida,2013,5.572,44.3,1.339,1146480000.0
Florida,2014,5.548,42.4,1.339,1109443220.0
Florida,2015,5.744,41.9,1.339,1116457891.0
Florida,2016,5.789,41.5,1.339,1127472852.0
Florida,2017,6.006,40.6,1.339,1120838366.0
Florida,2018,6.13,38.4,1.339,1079117307.0
Florida,2019,6.262,36.2,1.339,1033636106.0
Georgia,1970,0.358,109.9,0.08,40789310.0
Georgia,1971,0.409,115.7,0.12,49778215.0
Georgia,1972,0.424,117.0,0.12,65455470.0
Georgia,1973,0.424,119.8,0.12,67860659.0
Georgia,1974,0.445,123.7,0.12,71030901.0
Georgia,1975,0.479,122.9,0.12,72017668.0
Georgia,1976,0.495,125.9,0.12,74434653.0
Georgia,1977,0.547,127.9,0.12,75841237.0
Georgia,1978,0.566,130.6,0.12,78514059.0
Georgia,1979,0.593,131.0,0.12,79159343.0
Georgia,1980,0.626,134.0,0.12,81529217.0
Georgia,1981,0.678,131.7,0.12,85549591.0
Georgia,1982,0.789,131.2,0.12,86890317.0
Georgia,1983,0.868,128.6,0.12,86120722.0
Georgia,1984,0.907,126.3,0.12,86489648.0
Georgia,1985,1.001,128.8,0.12,90152759.0
Georgia,1986,1.039,129.0,0.12,91320117.0
Georgia,1987,1.092,129.3,0.12,91904935.0
Georgia,1988,1.224,124.1,0.12,92494239.0
Georgia,1989,1.323,117.1,0.12,89778112.0
Georgia,1990,1.382,113.8,0.12,86697410.0
Georgia,1991,1.595,109.6,0.12,85503524.0
Georgia,1992,1.672,109.2,0.12,85101224.0
Georgia,1993,1.478,109.2,0.12,86596441.0
Georgia,1994,1.538,107.8,0.12,86833821.0
Georgia,1995,1.561,100.3,0.12,82956521.0
Georgia,1996,1.589,102.7,0.12,87807683.0
Georgia,1997,1.687,100.6,0.12,88830820.0
Georgia,1998,1.88,100.5,0.12,88635996.0
Georgia,1999,2.574,97.1,0.12,87120120.0
Georgia,2000,2.878,88.1,0.12,84389385.0
Georgia,2001,3.069,85.9,0.12,83450171.0
Georgia,2002,3.156,79.5,0.12,79538401.0
Georgia,2003,3.309,83.1,0.12,83606208.0
Georgia,2004,3.362,68.1,0.37,219060809.0
Georgia,2005,3.483,70.2,0.37,231565881.0
Georgia,2006,3.498,68.2,0.37,229086518.0
Georgia,2007,3.655,64.7,0.37,224122904.0
Georgia,2008,3.638,61.6,0.37,217615500.0
Georgia,2009,4.531,58.8,0.37,210616950.0
Georgia,2010,4.573,55.3,0.37,201281850.0
Georgia,2011,4.637,54.3,0.37,194648490.0
Georgia,2012,4.506,53.1,0.37,192791460.0
Georgia,2013,4.563,49.9,0.37,182965037.0
Georgia,2014,4.793,49.0,0.37,181007346.0
Georgia,2015,4.82,47.3,0.37,176620010.0
Georgia,2016,4.919,47.3,0.37,178868901.0
Georgia,2017,5.005,45.6,0.37,173981707.0
Georgia,2018,5.23,45.7,0.37,176268257.0
Georgia,2019,5.354,43.3,0.37,168549095.0
Hawaii,1970,0.367,82.1,0.08,5219278.0
Hawaii,1971,0.367,85.0,0.09,5785606.0
Hawaii,1972,0.377,81.6,0.1,5870637.0
Hawaii,1973,0.407,79.2,0.1,6406178.0
Hawaii,1974,0.413,89.3,0.1,7429637.0
Hawaii,1975,0.466,92.4,0.1,7825482.0
Hawaii,1976,0.494,99.4,0.1,8603167.0
Hawaii,1977,0.567,95.1,0.11,9275371.0
Hawaii,1978,0.605,93.2,0.12,9874813.0
Hawaii,1979,0.635,88.8,0.135,10652107.0
Hawaii,1980,0.676,89.4,0.14,11447081.0
Hawaii,1981,0.755,85.6,0.15,12388409.0
Hawaii,1982,0.905,77.7,0.17,12586030.0
Hawaii,1983,1.039,80.0,0.21,15802635.0
Hawaii,1984,1.08,75.7,0.23,17852659.0
Hawaii,1985,1.172,69.8,0.24,17552309.0
Hawaii,1986,1.242,61.2,0.28,17703976.0
Hawaii,1987,1.338,54.7,0.3,17140688.0
Hawaii,1988,1.491,55.6,0.33,19018054.0
Hawaii,1989,1.655,57.4,0.33,21837583.0
Hawaii,1990,1.635,48.9,0.33,21051417.0
Hawaii,1991,2.049,54.7,0.38,25656992.0
Hawaii,1992,2.263,51.3,0.43,26477000.0
Hawaii,1993,2.151,52.4,0.48,28572503.0
Hawaii,1994,2.286,44.2,0.52,30019000.0
Hawaii,1995,2.311,45.7,0.6,32379975.0
Hawaii,1996,2.428,51.6,0.6,36741900.0
Hawaii,1997,2.603,49.1,0.6,34958631.0
Hawaii,1998,3.017,35.5,0.8,32418023.0
Hawaii,1999,3.733,32.5,1.0,38864791.0
Hawaii,2000,4.051,31.9,1.0,40049538.0
Hawaii,2001,4.153,42.8,1.0,51825093.0
Hawaii,2002,4.544,51.1,1.0,62609477.0
Hawaii,2003,4.723,51.2,1.3,70586392.0
Hawaii,2004,5.044,47.4,1.4,77541842.0
Hawaii,2005,4.981,47.0,1.4,83135360.0
Hawaii,2006,5.269,48.0,1.4,85702087.0
Hawaii,2007,5.74,43.7,1.6,88771665.0
Hawaii,2008,5.86,44.0,1.8,101560050.0
Hawaii,2009,7.447,41.1,2.0,104433576.0
Hawaii,2010,8.454,36.2,2.6,119926740.0
Hawaii,2011,8.788,32.9,3.0,135647918.0
Hawaii,2012,8.571,29.8,3.2,130994720.0
Hawaii,2013,8.702,27.0,3.2,120095909.0
Hawaii,2014,8.839,25.4,3.2,114112464.0
Hawaii,2015,8.938,26.8,3.2,121629881.0
Hawaii,2016,9.038,25.4,3.2,116382902.0
Hawaii,2017,9.092,25.1,3.2,114926266.0
Hawaii,2018,9.317,24.2,3.2,110762991.0
Hawaii,2019,9.444,22.5,3.2,102478034.0
Idaho,1970,0.336,102.4,0.07,5142000.0
Idaho,1971,0.337,108.5,0.07,5446000.0
Idaho,1972,0.363,126.1,0.07,6459000.0
Idaho,1973,0.38,121.8,0.091,8492314.0
Idaho,1974,0.403,125.6,0.091,8804939.0
Idaho,1975,0.425,123.3,0.091,8966803.0
Idaho,1976,0.456,125.1,0.091,9332444.0
Idaho,1977,0.515,125.0,0.091,9453009.0
Idaho,1978,0.554,122.8,0.091,9577228.0
Idaho,1979,0.564,117.5,0.091,9388416.0
Idaho,1980,0.592,115.2,0.091,9483198.0
Idaho,1981,0.676,114.1,0.091,9801784.0
Idaho,1982,0.765,111.5,0.091,9730763.0
Idaho,1983,0.885,111.3,0.091,9777154.0
Idaho,1984,0.976,103.6,0.091,9461798.0
Idaho,1985,0.999,100.7,0.091,9319619.0
Idaho,1986,1.071,96.7,0.091,8854269.0
Idaho,1987,1.219,95.0,0.18,10967700.0
Idaho,1988,1.336,84.5,0.18,15763703.0
Idaho,1989,1.413,78.4,0.18,14427399.0
Idaho,1990,1.444,90.1,0.18,16119559.0
Idaho,1991,1.672,85.4,0.18,14696223.0
Idaho,1992,1.712,85.1,0.18,15203794.0
Idaho,1993,1.505,86.7,0.18,15739152.0
Idaho,1994,1.635,93.0,0.18,17131500.0
Idaho,1995,1.765,78.2,0.18,24428178.0
Idaho,1996,1.844,73.6,0.28,24946162.0
Idaho,1997,1.871,75.0,0.28,24978614.0
Idaho,1998,2.107,78.9,0.28,26264174.0
Idaho,1999,2.759,75.1,0.28,25459256.0
Idaho,2000,2.911,66.9,0.28,25249502.0
Idaho,2001,3.049,66.7,0.28,24152461.0
Idaho,2002,3.181,63.3,0.28,23410260.0
Idaho,2003,3.646,64.7,0.57,25061490.0
Idaho,2004,3.498,60.8,0.57,47319102.0
Idaho,2005,3.61,58.3,0.57,46326764.0
Idaho,2006,3.647,58.8,0.57,47917084.0
Idaho,2007,3.802,58.6,0.57,48960151.0
Idaho,2008,3.853,55.9,0.57,47784823.0
Idaho,2009,4.564,52.4,0.57,45510004.0
Idaho,2010,4.705,46.4,0.57,40925442.0
Idaho,2011,4.845,45.5,0.57,40626245.0
Idaho,2012,4.789,43.5,0.57,39326625.0
Idaho,2013,4.861,43.1,0.57,39205650.0
Idaho,2014,5.059,40.8,0.57,37515246.0
Idaho,2015,5.118,40.8,0.57,37998733.0
Idaho,2016,5.213,40.7,0.57,38434618.0
Idaho,2017,5.404,39.0,0.57,37394232.0
Idaho,2018,5.547,37.7,0.57,36938983.0
Idaho,2019,5.722,35.8,0.57,35817868.0
Illinois,1970,0.414,124.8,0.12,159536073.0
Illinois,1971,0.419,125.6,0.12,167207000.0
Illinois,1972,0.41,126.6,0.12,170514000.0
Illinois,1973,0.419,124.4,0.12,167279000.0
Illinois,1974,0.452,131.9,0.12,175365000.0
Illinois,1975,0.484,131.8,0.12,174745000.0
Illinois,1976,0.494,134.4,0.12,178897000.0
Illinois,1977,0.546,134.0,0.12,180478000.0
Illinois,1978,0.568,136.7,0.12,183660000.0
Illinois,1979,0.6,135.3,0.12,182296000.0
Illinois,1980,0.631,135.2,0.12,181085000.0
Illinois,1981,0.696,133.0,0.12,181080000.0
Illinois,1982,0.808,130.7,0.12,176286000.0
Illinois,1983,0.896,127.9,0.12,175103000.0
Illinois,1984,0.967,124.0,0.12,170458000.0
Illinois,1985,1.084,121.6,0.12,167493000.0
Illinois,1986,1.162,118.2,0.2,201810000.0
Illinois,1987,1.241,109.5,0.2,252288000.0
Illinois,1988,1.327,107.6,0.2,250858000.0
Illinois,1989,1.473,104.6,0.2,244119000.0
Illinois,1990,1.54,94.1,0.2,323697000.0
Illinois,1991,1.798,96.1,0.3,323399000.0
Illinois,1992,1.875,94.8,0.3,323100000.0
Illinois,1993,1.821,94.6,0.3,315010000.0
Illinois,1994,1.852,85.7,0.3,412689145.0
Illinois,1995,1.887,84.3,0.44,430355142.0
Illinois,1996,1.987,81.8,0.44,424160000.0
Illinois,1997,2.023,79.6,0.44,414750695.0
Illinois,1998,2.405,80.3,0.44,464445911.0
Illinois,1999,3.127,72.2,0.58,493297147.0
Illinois,2000,3.238,70.0,0.58,485040692.0
Illinois,2001,3.491,67.1,0.58,477579348.0
Illinois,2002,4.038,70.9,0.58,471550800.0
Illinois,2003,4.058,51.4,0.98,653697190.0
Illinois,2004,4.353,60.0,0.98,744402120.0
Illinois,2005,4.607,52.2,0.98,650028120.0
Illinois,2006,4.821,51.5,0.98,643742700.0
Illinois,2007,4.979,48.6,0.98,611784600.0
Illinois,2008,4.949,47.9,0.98,603787800.0
Illinois,2009,5.631,45.2,0.98,571347840.0
Illinois,2010,5.884,44.1,0.98,558323640.0
Illinois,2011,5.871,45.3,0.98,570146571.0
Illinois,2012,6.854,46.5,0.98,588935400.0
Illinois,2013,7.051,31.7,1.98,808255800.0
Illinois,2014,7.248,33.6,1.98,858052008.0
Illinois,2015,7.396,33.4,1.98,852943608.0
Illinois,2016,7.488,31.5,1.98,802981080.0
Illinois,2017,7.549,30.7,1.98,778864680.0
Illinois,2018,7.604,28.3,1.98,717644664.0
Illinois,2019,8.972,29.3,1.98,739007280.0
Indiana,1970,0.322,134.6,0.06,41334000.0
Indiana,1971,0.325,139.3,0.06,43543000.0
Indiana,1972,0.329,149.2,0.06,47223000.0
Indiana,1973,0.345,156.0,0.06,49554000.0
Indiana,1974,0.367,159.6,0.06,50996000.0
Indiana,1975,0.387,162.4,0.06,51934000.0
Indiana,1976,0.406,166.6,0.06,53081000.0
Indiana,1977,0.5,173.0,0.06,55024000.0
Indiana,1978,0.525,150.9,0.105,84459000.0
Indiana,1979,0.537,148.9,0.105,84004000.0
Indiana,1980,0.583,146.9,0.105,83311000.0
Indiana,1981,0.651,148.5,0.105,85609000.0
Indiana,1982,0.757,147.7,0.105,84807000.0
Indiana,1983,0.852,143.0,0.105,82149000.0
Indiana,1984,0.888,137.8,0.105,79979000.0
Indiana,1985,0.936,135.3,0.105,78908000.0
Indiana,1986,1.001,137.6,0.105,79546000.0
Indiana,1987,1.093,134.0,0.105,78617000.0
Indiana,1988,1.19,134.0,0.155,115681939.0
Indiana,1989,1.308,132.5,0.155,112344108.0
Indiana,1990,1.358,128.3,0.155,111470978.0
Indiana,1991,1.535,127.2,0.155,114707074.0
Indiana,1992,1.575,128.2,0.155,110491216.0
Indiana,1993,1.466,126.8,0.155,109194371.0
Indiana,1994,1.463,128.2,0.155,111199531.0
Indiana,1995,1.478,135.4,0.155,120669058.0
Indiana,1996,1.563,135.1,0.155,120985631.0
Indiana,1997,1.668,135.3,0.155,122485409.0
Indiana,1998,1.9,135.9,0.155,123065738.0
Indiana,1999,2.602,133.3,0.155,120640333.0
Indiana,2000,2.704,125.5,0.155,117604267.0
Indiana,2001,3.02,121.4,0.155,114381404.0
Indiana,2002,3.574,121.4,0.155,114756720.0
Indiana,2003,3.514,101.1,0.555,343657232.0
Indiana,2004,3.451,97.7,0.555,335915185.0
Indiana,2005,3.509,96.1,0.555,331903577.0
Indiana,2006,3.49,98.7,0.555,343491000.0
Indiana,2007,4.138,102.3,0.555,358376047.0
Indiana,2008,4.093,81.7,0.995,515812582.0
Indiana,2009,4.814,78.9,0.995,500769869.0
Indiana,2010,5.147,71.7,0.995,462532256.0
Indiana,2011,5.199,69.6,0.995,448763368.0
Indiana,2012,5.231,66.0,0.995,428080840.0
Indiana,2013,5.257,66.9,0.995,434473203.0
Indiana,2014,5.39,63.6,0.995,417532271.0
Indiana,2015,5.41,62.7,0.995,411617471.0
Indiana,2016,5.581,62.4,0.995,431322426.0
Indiana,2017,5.666,61.2,0.995,401065746.0
Indiana,2018,5.716,58.3,0.995,381595301.0
Indiana,2019,5.887,56.5,0.995,371597683.0
Iowa,1970,0.385,108.5,0.1,30155675.0
Iowa,1971,0.419,108.4,0.13,33339377.0
Iowa,1972,0.419,109.4,0.13,40547730.0
Iowa,1973,0.432,110.6,0.13,41441346.0
Iowa,1974,0.454,116.1,0.13,43975775.0
Iowa,1975,0.478,120.5,0.13,44851832.0
Iowa,1976,0.494,124.4,0.13,46500488.0
Iowa,1977,0.546,125.5,0.13,46894948.0
Iowa,1978,0.564,127.1,0.13,47623434.0
Iowa,1979,0.588,124.2,0.13,46817786.0
Iowa,1980,0.614,124.6,0.13,47075859.0
Iowa,1981,0.728,132.9,0.13,50394103.0
Iowa,1982,0.84,116.2,0.18,61227054.0
Iowa,1983,0.933,115.6,0.18,60490333.0
Iowa,1984,0.995,111.2,0.18,59082906.0
Iowa,1985,1.048,109.4,0.18,58018435.0
Iowa,1986,1.171,104.1,0.26,72024669.0
Iowa,1987,1.242,101.1,0.26,77092980.0
Iowa,1988,1.451,100.2,0.34,81689081.0
Iowa,1989,1.496,94.4,0.31,91397313.0
Iowa,1990,1.554,95.4,0.31,84199981.0
Iowa,1991,1.785,97.1,0.31,84762321.0
Iowa,1992,1.897,95.2,0.36,94916925.0
Iowa,1993,1.714,92.5,0.36,92518148.0
Iowa,1994,1.79,93.4,0.36,93474587.0
Iowa,1995,1.838,93.0,0.36,95081332.0
Iowa,1996,1.893,94.0,0.36,96051777.0
Iowa,1997,1.938,93.9,0.36,96381838.0
Iowa,1998,2.13,94.0,0.36,96484950.0
Iowa,1999,2.863,91.7,0.36,94166860.0
Iowa,2000,2.994,88.9,0.36,92817112.0
Iowa,2001,3.195,86.5,0.36,91235012.0
Iowa,2002,3.314,85.4,0.36,89794591.0
Iowa,2003,3.332,85.4,0.36,89889534.0
Iowa,2004,3.273,83.7,0.36,88715817.0
Iowa,2005,3.362,83.9,0.36,89210340.0
Iowa,2006,3.36,85.3,0.36,91301474.0
Iowa,2007,4.541,76.3,1.36,124274752.0
Iowa,2008,4.507,57.6,1.36,234137140.0
Iowa,2009,5.327,53.8,1.36,220212197.0
Iowa,2010,5.736,51.3,1.36,210730238.0
Iowa,2011,5.781,49.1,1.36,204155253.0
Iowa,2012,5.753,48.6,1.36,202808381.0
Iowa,2013,5.748,48.5,1.36,202980954.0
Iowa,2014,5.791,47.1,1.36,198425088.0
Iowa,2015,5.812,46.5,1.36,196434534.0
Iowa,2016,5.997,47.7,1.36,202215543.0
Iowa,2017,6.184,45.0,1.36,192098768.0
Iowa,2018,6.283,43.0,1.36,184380885.0
Iowa,2019,6.389,41.6,1.36,178920957.0
Kansas,1970,0.389,114.0,0.08,21175000.0
Kansas,1971,0.388,102.8,0.11,25020000.0
Kansas,1972,0.393,111.0,0.11,27567000.0
Kansas,1973,0.402,115.2,0.11,28610492.0
Kansas,1974,0.427,118.6,0.11,29740692.0
Kansas,1975,0.466,123.4,0.11,30820823.0
Kansas,1976,0.481,127.7,0.11,32063308.0
Kansas,1977,0.526,127.9,0.11,32492220.0
Kansas,1978,0.548,127.1,0.11,32518489.0
Kansas,1979,0.583,126.4,0.11,32655500.0
Kansas,1980,0.598,127.1,0.11,33130559.0
Kansas,1981,0.651,132.0,0.11,34323231.0
Kansas,1982,0.77,130.9,0.11,34299712.0
Kansas,1983,0.91,127.6,0.11,33792242.0
Kansas,1984,0.975,121.7,0.16,45063879.0
Kansas,1985,1.03,115.7,0.16,45327675.0
Kansas,1986,1.145,109.4,0.24,58286236.0
Kansas,1987,1.239,105.2,0.24,62374658.0
Kansas,1988,1.365,103.2,0.24,61770458.0
Kansas,1989,1.458,96.5,0.24,57951000.0
Kansas,1990,1.457,94.3,0.24,55437320.0
Kansas,1991,1.742,91.8,0.24,55637270.0
Kansas,1992,1.742,90.0,0.24,53617108.0
Kansas,1993,1.596,89.9,0.24,53792399.0
Kansas,1994,1.657,89.1,0.24,54036609.0
Kansas,1995,1.677,90.1,0.24,54600292.0
Kansas,1996,1.713,88.7,0.24,54477448.0
Kansas,1997,1.843,89.2,0.24,55167155.0
Kansas,1998,2.07,87.6,0.24,53990126.0
Kansas,1999,2.712,83.3,0.24,52382238.0
Kansas,2000,2.941,79.8,0.24,50886541.0
Kansas,2001,3.0,78.1,0.24,50144482.0
Kansas,2002,3.726,77.5,0.24,49196827.0
Kansas,2003,3.87,60.7,0.79,119411772.0
Kansas,2004,3.748,56.3,0.79,121226400.0
Kansas,2005,3.73,54.9,0.79,118661808.0
Kansas,2006,3.988,55.4,0.79,120015024.0
Kansas,2007,4.11,53.1,0.79,116016672.0
Kansas,2008,4.082,51.7,0.79,113466516.0
Kansas,2009,4.747,49.1,0.79,108641160.0
Kansas,2010,4.997,45.2,0.79,100798776.0
Kansas,2011,5.112,41.2,0.79,95864364.0
Kansas,2012,5.154,43.0,0.79,97502160.0
Kansas,2013,5.14,41.0,0.79,93306900.0
Kansas,2014,5.247,39.5,0.79,90240336.0
Kansas,2015,5.793,39.3,0.79,90235524.0
Kansas,2016,5.914,36.4,1.29,139982444.0
Kansas,2017,6.014,34.5,1.29,133706394.0
Kansas,2018,6.225,33.3,1.29,125124787.0
Kansas,2019,6.373,31.1,1.29,116778114.0
Kentucky,1970,0.301,155.8,0.025,12587000.0
Kentucky,1971,0.306,163.5,0.03,15938000.0
Kentucky,1972,0.306,179.4,0.03,17662000.0
Kentucky,1973,0.315,201.9,0.03,19983000.0
Kentucky,1974,0.333,212.4,0.03,21292000.0
Kentucky,1975,0.36,223.0,0.03,22457000.0
Kentucky,1976,0.369,230.9,0.03,23527000.0
Kentucky,1977,0.414,229.4,0.03,23588000.0
Kentucky,1978,0.434,224.7,0.03,23305000.0
Kentucky,1979,0.463,214.9,0.03,22550000.0
Kentucky,1980,0.494,215.3,0.03,22777000.0
Kentucky,1981,0.563,209.7,0.03,23029000.0
Kentucky,1982,0.664,210.6,0.03,23140000.0
Kentucky,1983,0.754,201.1,0.03,22127000.0
Kentucky,1984,0.793,183.2,0.03,20623000.0
Kentucky,1985,0.854,182.4,0.03,20623000.0
Kentucky,1986,0.905,179.8,0.03,20115000.0
Kentucky,1987,0.944,171.2,0.03,19445000.0
Kentucky,1988,1.038,173.2,0.03,19591000.0
Kentucky,1989,1.156,171.6,0.03,19426000.0
Kentucky,1990,1.205,182.5,0.03,20658000.0
Kentucky,1991,1.358,170.8,0.03,18847000.0
Kentucky,1992,1.454,167.6,0.03,18538000.0
Kentucky,1993,1.328,167.6,0.03,18542000.0
Kentucky,1994,1.348,170.2,0.03,18858000.0
Kentucky,1995,1.398,175.3,0.03,19968000.0
Kentucky,1996,1.456,179.0,0.03,20624000.0
Kentucky,1997,1.557,186.8,0.03,21769000.0
Kentucky,1998,1.792,171.3,0.03,19957000.0
Kentucky,1999,2.434,165.3,0.03,19384000.0
Kentucky,2000,2.586,156.2,0.03,18724000.0
Kentucky,2001,2.927,152.6,0.03,18504000.0
Kentucky,2002,2.977,140.8,0.03,17145000.0
Kentucky,2003,3.101,175.8,0.03,21436000.0
Kentucky,2004,3.01,174.4,0.03,21551000.0
Kentucky,2005,3.306,181.8,0.3,52020000.0
Kentucky,2006,3.324,145.3,0.3,176326559.0
Kentucky,2007,3.464,141.9,0.3,179100100.0
Kentucky,2008,3.482,141.9,0.3,179456098.0
Kentucky,2009,4.578,126.4,0.6,196124108.0
Kentucky,2010,4.584,110.7,0.6,286428979.0
Kentucky,2011,4.736,103.7,0.6,270015864.0
Kentucky,2012,4.752,100.1,0.6,262353165.0
Kentucky,2013,4.759,93.5,0.6,245793222.0
Kentucky,2014,4.836,89.0,0.6,234727105.0
Kentucky,2015,4.858,84.5,0.6,223784402.0
Kentucky,2016,5.015,87.0,0.6,230963773.0
Kentucky,2017,5.176,85.6,0.6,227949828.0
Kentucky,2018,5.678,81.6,0.6,218118592.0
Kentucky,2019,5.882,73.3,1.1,360354376.0
Louisiana,1970,0.393,115.9,0.08,34727292.0
Louisiana,1971,0.4,119.8,0.11,47468305.0
Louisiana,1972,0.399,125.3,0.11,50729579.0
Louisiana,1973,0.416,126.7,0.11,51867876.0
Louisiana,1974,0.443,129.9,0.11,53786141.0
Louisiana,1975,0.481,133.6,0.11,55323480.0
Louisiana,1976,0.489,139.6,0.11,58209458.0
Louisiana,1977,0.542,140.0,0.11,59157747.0
Louisiana,1978,0.571,142.7,0.11,61526377.0
Louisiana,1979,0.6,140.1,0.11,61132782.0
Louisiana,1980,0.626,143.8,0.11,63701662.0
Louisiana,1981,0.703,144.0,0.11,66589349.0
Louisiana,1982,0.807,143.9,0.11,68168223.0
Louisiana,1983,0.907,133.7,0.11,64132865.0
Louisiana,1984,1.03,128.9,0.11,63388285.0
Louisiana,1985,1.051,125.0,0.16,89977784.0
Louisiana,1986,1.178,121.2,0.16,86910227.0
Louisiana,1987,1.204,116.5,0.16,84505838.0
Louisiana,1988,1.307,110.9,0.16,79800290.0
Louisiana,1989,1.434,103.6,0.16,73705336.0
Louisiana,1990,1.496,101.5,0.16,72032677.0
Louisiana,1991,1.781,107.2,0.16,87348058.0
Louisiana,1992,1.805,108.5,0.2,91292885.0
Louisiana,1993,1.574,106.2,0.2,89290089.0
Louisiana,1994,1.558,105.3,0.2,89130616.0
Louisiana,1995,1.653,105.7,0.2,90984645.0
Louisiana,1996,1.669,106.8,0.2,93307155.0
Louisiana,1997,1.859,105.3,0.2,91444720.0
Louisiana,1998,2.08,103.2,0.2,89524589.0
Louisiana,1999,2.812,101.0,0.2,87825340.0
Louisiana,2000,2.951,104.3,0.2,92298895.0
Louisiana,2001,3.122,83.1,0.24,83853634.0
Louisiana,2002,3.332,97.0,0.24,103986444.0
Louisiana,2003,3.41,82.9,0.36,117925428.0
Louisiana,2004,3.406,85.6,0.36,138379626.0
Louisiana,2005,3.407,91.0,0.36,147663445.0
Louisiana,2006,3.498,77.3,0.36,125960220.0
Louisiana,2007,3.607,86.7,0.36,133781330.0
Louisiana,2008,3.756,87.9,0.36,135854712.0
Louisiana,2009,4.513,82.6,0.36,131009400.0
Louisiana,2010,4.561,74.3,0.36,120075428.0
Louisiana,2011,4.642,78.8,0.36,128614885.0
Louisiana,2012,4.654,72.0,0.36,118425474.0
Louisiana,2013,4.627,73.3,0.36,121234140.0
Louisiana,2014,4.724,65.1,0.36,108343080.0
Louisiana,2015,5.457,73.8,0.36,123468732.0
Louisiana,2016,5.727,55.9,1.08,223492940.0
Louisiana,2017,5.84,57.6,1.08,291204720.0
Louisiana,2018,5.909,53.6,1.08,271025460.0
Louisiana,2019,6.084,50.8,1.08,255857940.0
Maine,1970,0.388,128.5,0.12,15081000.0
Maine,1971,0.415,133.2,0.12,15898000.0
Maine,1972,0.41,136.5,0.14,19165000.0
Maine,1973,0.418,138.0,0.14,19885000.0
Maine,1974,0.467,142.1,0.14,20452000.0
Maine,1975,0.499,140.7,0.16,23565000.0
Maine,1976,0.509,144.9,0.16,24549000.0
Maine,1977,0.55,145.6,0.16,24919000.0
Maine,1978,0.545,143.9,0.16,24988000.0
Maine,1979,0.59,138.5,0.16,24172000.0
Maine,1980,0.629,141.2,0.16,24785000.0
Maine,1981,0.697,138.9,0.16,25000000.0
Maine,1982,0.808,139.5,0.16,25293000.0
Maine,1983,0.937,135.4,0.16,24601000.0
Maine,1984,0.981,135.5,0.2,29456000.0
Maine,1985,1.127,127.9,0.2,29800000.0
Maine,1986,1.212,119.0,0.28,38662000.0
Maine,1987,1.29,125.0,0.28,41130387.0
Maine,1988,1.444,125.0,0.28,41714596.0
Maine,1989,1.601,122.4,0.28,41291405.0
Maine,1990,1.589,117.5,0.28,42774077.0
Maine,1991,1.877,116.1,0.31,43462016.0
Maine,1992,1.926,114.7,0.33,52528000.0
Maine,1993,1.783,108.5,0.37,49479000.0
Maine,1994,1.849,101.6,0.37,46856957.0
Maine,1995,1.869,102.3,0.37,46954000.0
Maine,1996,1.902,100.0,0.37,45978750.0
Maine,1997,2.196,101.1,0.37,46346009.0
Maine,1998,2.678,94.5,0.37,73514213.0
Maine,1999,3.305,85.5,0.74,78584602.0
Maine,2000,3.532,82.9,0.74,77234890.0
Maine,2001,3.926,81.2,0.74,76330900.0
Maine,2002,4.176,79.6,1.0,95006000.0
Maine,2003,4.281,74.6,1.0,95971968.0
Maine,2004,4.057,72.4,1.0,94505938.0
Maine,2005,5.213,71.5,1.0,94023930.0
Maine,2006,5.28,64.8,2.0,153015000.0
Maine,2007,5.521,58.5,2.0,154736684.0
Maine,2008,5.61,55.2,2.0,145430452.0
Maine,2009,6.241,52.3,2.0,139173005.0
Maine,2010,6.464,53.0,2.0,139402925.0
Maine,2011,6.501,51.1,2.0,135831050.0
Maine,2012,6.391,48.9,2.0,131373120.0
Maine,2013,6.452,48.5,2.0,128879094.0
Maine,2014,6.529,47.4,2.0,125859707.0
Maine,2015,6.669,46.9,2.0,125881350.0
Maine,2016,6.807,48.9,2.0,130842496.0
Maine,2017,7.066,49.6,2.0,132100000.0
Maine,2018,7.111,45.4,2.0,121342286.0
Maine,2019,7.256,42.6,2.0,114109159.0
Maryland,1970,0.342,123.5,0.06,27906000.0
Maryland,1971,0.343,126.7,0.06,29936000.0
Maryland,1972,0.353,133.2,0.06,31975000.0
Maryland,1973,0.358,137.3,0.06,33419000.0
Maryland,1974,0.395,144.8,0.06,35351000.0
Maryland,1975,0.461,146.1,0.1,38263000.0
Maryland,1976,0.492,137.1,0.1,56168000.0
Maryland,1977,0.521,135.7,0.1,56233000.0
Maryland,1978,0.562,134.1,0.1,55490000.0
Maryland,1979,0.581,131.9,0.1,54636000.0
Maryland,1980,0.628,131.5,0.1,54574000.0
Maryland,1981,0.654,137.1,0.13,75154000.0
Maryland,1982,0.749,131.3,0.13,72778000.0
Maryland,1983,0.842,128.2,0.13,71076000.0
Maryland,1984,0.901,122.5,0.13,68942000.0
Maryland,1985,0.933,121.9,0.13,69425000.0
Maryland,1986,1.003,121.8,0.13,69874000.0
Maryland,1987,1.092,119.3,0.13,68784000.0
Maryland,1988,1.202,115.0,0.13,68217000.0
Maryland,1989,1.315,109.0,0.13,66114000.0
Maryland,1990,1.416,102.8,0.13,62332000.0
Maryland,1991,1.591,97.6,0.13,62625000.0
Maryland,1992,1.937,91.7,0.16,84839000.0
Maryland,1993,1.733,82.6,0.36,141618000.0
Maryland,1994,1.763,80.8,0.36,141772000.0
Maryland,1995,1.778,77.1,0.36,138113000.0
Maryland,1996,1.907,75.0,0.36,135900000.0
Maryland,1997,1.973,72.7,0.36,131813000.0
Maryland,1998,2.195,72.0,0.36,130039000.0
Maryland,1999,3.152,71.4,0.36,131338000.0
Maryland,2000,3.449,57.7,0.66,200760000.0
Maryland,2001,3.697,58.1,0.66,203187501.0
Maryland,2002,4.009,56.0,1.0,206237280.0
Maryland,2003,4.105,49.5,1.0,266061000.0
Maryland,2004,4.022,48.9,1.0,269259150.0
Maryland,2005,3.981,48.7,1.0,271053900.0
Maryland,2006,4.11,48.9,1.0,274107190.0
Maryland,2007,4.279,48.3,1.0,271026450.0
Maryland,2008,5.526,43.3,2.0,343692000.0
Maryland,2009,6.215,35.4,2.0,399318000.0
Maryland,2010,6.252,35.0,2.0,399213000.0
Maryland,2011,6.288,34.6,2.0,399135000.0
Maryland,2012,6.362,34.4,2.0,401550000.0
Maryland,2013,6.383,32.6,2.0,382443200.0
Maryland,2014,6.47,31.6,2.0,374270210.0
Maryland,2015,6.556,30.4,2.0,361924389.0
Maryland,2016,6.719,30.4,2.0,364461221.0
Maryland,2017,6.873,29.2,2.0,349725701.0
Maryland,2018,6.912,27.6,2.0,334523847.0
Maryland,2019,7.256,26.4,2.0,318978500.0
Massachusetts,1970,0.41,124.3,0.12,81570000.0
Massachusetts,1971,0.46,121.4,0.16,88880000.0
Massachusetts,1972,0.46,117.9,0.16,108629000.0
Massachusetts,1973,0.463,121.2,0.16,112178000.0
Massachusetts,1974,0.494,124.3,0.16,115663000.0
Massachusetts,1975,0.574,126.1,0.16,117057000.0
Massachusetts,1976,0.573,116.9,0.21,143083000.0
Massachusetts,1977,0.618,118.9,0.21,145006000.0
Massachusetts,1978,0.645,120.5,0.21,146357000.0
Massachusetts,1979,0.682,118.2,0.21,143272000.0
Massachusetts,1980,0.708,120.5,0.21,146022000.0
Massachusetts,1981,0.781,123.2,0.21,148438000.0
Massachusetts,1982,0.887,122.3,0.21,148323000.0
Massachusetts,1983,1.014,119.8,0.21,145413000.0
Massachusetts,1984,1.083,116.0,0.26,173429000.0
Massachusetts,1985,1.15,117.2,0.26,176875000.0
Massachusetts,1986,1.204,115.8,0.26,175333189.0
Massachusetts,1987,1.316,113.8,0.26,173006593.0
Massachusetts,1988,1.486,111.7,0.26,170898271.0
Massachusetts,1989,1.524,104.4,0.26,160319644.0
Massachusetts,1990,1.633,99.4,0.26,152641411.0
Massachusetts,1991,1.759,93.5,0.26,146858545.0
Massachusetts,1992,1.806,90.5,0.26,142123897.0
Massachusetts,1993,1.909,84.1,0.26,189891166.0
Massachusetts,1994,2.056,77.0,0.51,237547765.0
Massachusetts,1995,2.076,76.9,0.51,236881320.0
Massachusetts,1996,2.446,74.6,0.51,230341241.0
Massachusetts,1997,2.585,66.7,0.51,279038430.0
Massachusetts,1998,2.822,63.6,0.76,294234047.0
Massachusetts,1999,3.523,60.4,0.76,280663934.0
Massachusetts,2000,3.843,58.3,0.76,274467097.0
Massachusetts,2001,3.994,54.8,0.76,264047565.0
Massachusetts,2002,4.843,55.5,0.76,270128197.0
Massachusetts,2003,5.153,47.5,1.51,438734517.0
Massachusetts,2004,5.028,43.6,1.51,423522384.0
Massachusetts,2005,5.053,42.7,1.51,413602137.0
Massachusetts,2006,5.001,44.1,1.51,426505842.0
Massachusetts,2007,5.13,43.0,1.51,418448784.0
Massachusetts,2008,6.365,43.1,1.51,419593968.0
Massachusetts,2009,7.261,34.6,2.51,562776156.0
Massachusetts,2010,7.441,33.7,2.51,557284758.0
Massachusetts,2011,7.514,34.2,2.51,561567069.0
Massachusetts,2012,7.505,33.5,2.51,553406808.0
Massachusetts,2013,8.683,32.2,2.51,536736894.0
Massachusetts,2014,8.781,27.1,3.51,621476706.0
Massachusetts,2015,8.934,25.9,3.51,616752630.0
Massachusetts,2016,9.076,25.6,3.51,610824240.0
Massachusetts,2017,9.398,24.3,3.51,580250385.0
Massachusetts,2018,9.594,23.0,3.51,553737951.0
Massachusetts,2019,9.754,21.3,3.51,516455432.0
Michigan,1970,0.392,128.6,0.11,85396000.0
Michigan,1971,0.4,126.1,0.11,123495000.0
Michigan,1972,0.402,131.4,0.11,130016000.0
Michigan,1973,0.411,133.7,0.11,133604000.0
Michigan,1974,0.444,138.8,0.11,138116000.0
Michigan,1975,0.479,136.8,0.11,136929000.0
Michigan,1976,0.483,138.0,0.11,139015000.0
Michigan,1977,0.54,140.3,0.11,140488000.0
Michigan,1978,0.572,141.8,0.11,142424000.0
Michigan,1979,0.603,140.9,0.11,142421000.0
Michigan,1980,0.618,140.7,0.11,142473000.0
Michigan,1981,0.68,139.5,0.11,142017000.0
Michigan,1982,0.877,137.3,0.21,147003000.0
Michigan,1983,0.97,128.3,0.21,245417000.0
Michigan,1984,1.014,128.2,0.21,245818000.0
Michigan,1985,1.06,126.6,0.21,243993000.0
Michigan,1986,1.114,126.5,0.21,241805000.0
Michigan,1987,1.222,122.1,0.21,236118000.0
Michigan,1988,1.33,121.1,0.25,252492000.0
Michigan,1989,1.439,116.6,0.25,272167000.0
Michigan,1990,1.449,114.4,0.25,267058000.0
Michigan,1991,1.767,110.3,0.25,257166000.0
Michigan,1992,1.846,107.6,0.25,251217000.0
Michigan,1993,1.634,106.5,0.25,246198000.0
Michigan,1994,2.243,112.9,0.25,277844000.0
Michigan,1995,2.293,82.8,0.75,590693000.0
Michigan,1996,2.338,82.9,0.75,592743600.0
Michigan,1997,2.43,75.6,0.75,545932880.0
Michigan,1998,2.613,73.7,0.75,530765000.0
Michigan,1999,3.338,81.7,0.75,604717910.0
Michigan,2000,3.455,83.7,0.75,601779870.0
Michigan,2001,3.793,79.2,0.75,590401079.0
Michigan,2002,4.345,78.1,0.75,584605129.0
Michigan,2003,4.334,72.3,1.25,828678247.0
Michigan,2004,5.087,68.5,1.25,863990100.0
Michigan,2005,5.1,57.9,2.0,1106720107.0
Michigan,2006,5.293,56.5,2.0,1143259559.0
Michigan,2007,5.35,55.0,2.0,1111162536.0
Michigan,2008,5.413,52.4,2.0,1055969027.0
Michigan,2009,6.139,50.6,2.0,1011635371.0
Michigan,2010,6.21,48.8,2.0,972127950.0
Michigan,2011,6.335,46.4,2.0,916872910.0
Michigan,2012,6.386,46.7,2.0,922370520.0
Michigan,2013,6.562,45.4,2.0,896272083.0
Michigan,2014,6.492,44.5,2.0,879665787.0
Michigan,2015,6.673,44.5,2.0,881432929.0
Michigan,2016,6.689,44.9,2.0,890658898.0
Michigan,2017,6.717,44.4,2.0,882046000.0
Michigan,2018,6.751,42.5,2.0,847193364.0
Michigan,2019,7.088,41.3,2.0,824738945.0
Minnesota,1970,0.401,104.3,0.13,50168632.0
Minnesota,1971,0.452,116.4,0.13,57865633.0
Minnesota,1972,0.456,96.8,0.18,61451715.0
Minnesota,1973,0.47,106.8,0.18,74855664.0
Minnesota,1974,0.494,110.6,0.18,77610293.0
Minnesota,1975,0.521,111.5,0.18,78648180.0
Minnesota,1976,0.531,116.7,0.18,82524137.0
Minnesota,1977,0.579,117.2,0.18,83667105.0
Minnesota,1978,0.609,118.9,0.18,85171636.0
Minnesota,1979,0.63,118.3,0.18,85350189.0
Minnesota,1980,0.658,117.7,0.18,86084277.0
Minnesota,1981,0.717,120.8,0.18,88626729.0
Minnesota,1982,0.873,119.4,0.18,87997454.0
Minnesota,1983,0.992,113.2,0.18,84999048.0
Minnesota,1984,1.015,110.8,0.18,83117876.0
Minnesota,1985,1.163,113.0,0.18,85266384.0
Minnesota,1986,1.201,104.8,0.23,101057348.0
Minnesota,1987,1.417,108.8,0.38,113132806.0
Minnesota,1988,1.525,94.1,0.38,153560009.0
Minnesota,1989,1.623,92.3,0.38,155765128.0
Minnesota,1990,1.739,90.7,0.38,149613038.0
Minnesota,1991,1.977,86.2,0.38,146789836.0
Minnesota,1992,2.156,83.8,0.43,159104810.0
Minnesota,1993,1.961,81.6,0.43,174012701.0
Minnesota,1994,2.022,83.4,0.48,173787772.0
Minnesota,1995,2.086,84.1,0.48,179311537.0
Minnesota,1996,2.168,81.7,0.48,177531265.0
Minnesota,1997,2.2,84.1,0.48,180639655.0
Minnesota,1998,2.274,83.2,0.48,184434120.0
Minnesota,1999,3.036,80.7,0.48,181654621.0
Minnesota,2000,3.188,76.0,0.48,177261843.0
Minnesota,2001,3.476,74.2,0.48,176417568.0
Minnesota,2002,3.523,71.0,0.48,169427723.0
Minnesota,2003,3.429,71.7,0.48,171131889.0
Minnesota,2004,3.515,73.0,0.48,177195124.0
Minnesota,2005,4.467,65.7,0.48,160653128.0
Minnesota,2006,4.589,55.6,1.485,390965068.0
Minnesota,2007,4.61,53.0,1.493,408644067.0
Minnesota,2008,4.814,50.9,1.493,394520391.0
Minnesota,2009,5.671,48.7,1.56,382044989.0
Minnesota,2010,5.785,46.5,1.56,380217228.0
Minnesota,2011,5.907,51.5,1.576,430295481.0
Minnesota,2012,5.809,37.9,1.6,322516525.0
Minnesota,2013,7.616,43.1,1.6,372223925.0
Minnesota,2014,7.814,31.4,3.342,566700869.0
Minnesota,2015,7.92,30.2,3.426,556668455.0
Minnesota,2016,8.318,29.8,3.543,566961694.0
Minnesota,2017,8.661,28.3,3.59,556792999.0
Minnesota,2018,8.931,26.2,3.614,525536700.0
Minnesota,2019,9.128,24.6,3.628,499434097.0
Mississippi,1970,0.375,93.4,0.09,19844033.0
Mississippi,1971,0.374,105.4,0.09,21021142.0
Mississippi,1972,0.373,112.1,0.09,22467168.0
Mississippi,1973,0.414,115.0,0.09,23431124.0
Mississippi,1974,0.43,117.1,0.11,29390709.0
Mississippi,1975,0.464,116.8,0.11,29870336.0
Mississippi,1976,0.488,120.9,0.11,31194721.0
Mississippi,1977,0.536,122.1,0.11,31606577.0
Mississippi,1978,0.565,124.9,0.11,32819570.0
Mississippi,1979,0.597,123.9,0.11,32770862.0
Mississippi,1980,0.63,127.0,0.11,33608855.0
Mississippi,1981,0.692,125.3,0.11,34741994.0
Mississippi,1982,0.786,125.8,0.11,35020184.0
Mississippi,1983,0.89,122.3,0.11,34308215.0
Mississippi,1984,0.984,116.4,0.11,33262141.0
Mississippi,1985,1.06,115.3,0.18,35093776.0
Mississippi,1986,1.158,113.2,0.18,54070578.0
Mississippi,1987,1.226,110.0,0.18,52452861.0
Mississippi,1988,1.258,109.0,0.18,52497860.0
Mississippi,1989,1.399,108.3,0.18,51984251.0
Mississippi,1990,1.427,101.8,0.18,48814561.0
Mississippi,1991,1.608,105.6,0.18,48919737.0
Mississippi,1992,1.778,103.9,0.18,48170870.0
Mississippi,1993,1.569,105.4,0.18,48875348.0
Mississippi,1994,1.539,106.0,0.18,49446765.0
Mississippi,1995,1.612,107.5,0.18,51134101.0
Mississippi,1996,1.686,106.9,0.18,51646631.0
Mississippi,1997,1.758,106.3,0.18,51954563.0
Mississippi,1998,1.995,107.0,0.18,52319643.0
Mississippi,1999,2.72,103.9,0.18,51089722.0
Mississippi,2000,2.8,97.2,0.18,49247468.0
Mississippi,2001,3.089,93.9,0.18,48067271.0
Mississippi,2002,3.193,91.5,0.18,47071164.0
Mississippi,2003,3.215,91.2,0.18,46899340.0
Mississippi,2004,3.203,88.4,0.18,45850002.0
Mississippi,2005,3.179,88.8,0.18,46344020.0
Mississippi,2006,3.215,92.2,0.18,48477899.0
Mississippi,2007,3.437,88.8,0.18,46499885.0
Mississippi,2008,3.451,93.6,0.18,49152733.0
Mississippi,2009,4.536,89.5,0.68,67920064.0
Mississippi,2010,4.811,70.3,0.68,141054278.0
Mississippi,2011,4.948,67.9,0.68,137064421.0
Mississippi,2012,4.902,66.5,0.68,134743995.0
Mississippi,2013,4.875,63.9,0.68,129738515.0
Mississippi,2014,5.151,61.2,0.68,124474160.0
Mississippi,2015,5.13,62.6,0.68,127364519.0
Mississippi,2016,5.129,59.2,0.68,120442478.0
Mississippi,2017,5.21,59.4,0.68,120701453.0
Mississippi,2018,5.355,56.3,0.68,114261849.0
Mississippi,2019,5.636,53.8,0.68,109232428.0
Missouri,1970,0.368,121.3,0.09,50999000.0
Missouri,1971,0.377,127.6,0.09,54050000.0
Missouri,1972,0.377,130.0,0.09,55576000.0
Missouri,1973,0.38,132.1,0.09,56509000.0
Missouri,1974,0.435,135.4,0.09,57975000.0
Missouri,1975,0.447,135.6,0.09,58307000.0
Missouri,1976,0.459,139.5,0.09,59808000.0
Missouri,1977,0.499,140.8,0.09,60568000.0
Missouri,1978,0.522,141.8,0.09,61263000.0
Missouri,1979,0.573,140.2,0.09,61335000.0
Missouri,1980,0.599,142.1,0.09,62263000.0
Missouri,1981,0.647,140.5,0.09,62180000.0
Missouri,1982,0.748,139.7,0.09,62122000.0
Missouri,1983,0.848,134.1,0.13,80704000.0
Missouri,1984,0.937,130.0,0.13,84351000.0
Missouri,1985,1.019,129.2,0.13,84761000.0
Missouri,1986,1.085,128.8,0.13,84312000.0
Missouri,1987,1.146,128.7,0.13,85255000.0
Missouri,1988,1.189,127.4,0.13,85700000.0
Missouri,1989,1.291,122.8,0.13,83125000.0
Missouri,1990,1.325,119.1,0.13,80659000.0
Missouri,1991,1.531,119.9,0.13,80391000.0
Missouri,1992,1.576,122.3,0.13,82066000.0
Missouri,1993,1.468,121.6,0.13,81556000.0
Missouri,1994,1.503,119.4,0.13,98702660.0
Missouri,1995,1.598,124.0,0.17,111081810.0
Missouri,1996,1.634,124.1,0.17,112491631.0
Missouri,1997,1.738,120.6,0.17,112929932.0
Missouri,1998,1.97,120.1,0.17,109373292.0
Missouri,1999,2.588,118.0,0.17,105596780.0
Missouri,2000,2.822,113.8,0.17,107168770.0
Missouri,2001,3.04,107.8,0.17,102503359.0
Missouri,2002,3.081,99.2,0.17,94890000.0
Missouri,2003,3.161,106.4,0.17,105034591.0
Missouri,2004,3.088,105.0,0.17,100046926.0
Missouri,2005,3.186,103.4,0.17,101284476.0
Missouri,2006,3.251,105.1,0.17,102961983.0
Missouri,2007,3.358,100.6,0.17,99969195.0
Missouri,2008,3.417,100.1,0.17,100064900.0
Missouri,2009,4.036,97.2,0.17,97731135.0
Missouri,2010,4.106,92.3,0.17,93970942.0
Missouri,2011,4.299,91.1,0.17,92748361.0
Missouri,2012,4.239,89.4,0.17,91349531.0
Missouri,2013,4.387,87.4,0.17,89523695.0
Missouri,2014,4.553,82.6,0.17,84847006.0
Missouri,2015,4.532,81.8,0.17,84273554.0
Missouri,2016,4.615,83.4,0.17,86274201.0
Missouri,2017,4.819,79.5,0.17,82344100.0
Missouri,2018,4.956,75.3,0.17,78287803.0
Missouri,2019,5.208,72.2,0.17,75182712.0
Montana,1970,0.347,111.2,0.08,6166869.0
Montana,1971,0.401,115.6,0.12,6995643.0
Montana,1972,0.409,122.2,0.12,10379102.0
Montana,1973,0.418,119.9,0.12,10343716.0
Montana,1974,0.437,121.9,0.12,10549226.0
Montana,1975,0.453,123.7,0.12,10908482.0
Montana,1976,0.476,124.9,0.12,11203768.0
Montana,1977,0.519,127.0,0.12,11479175.0
Montana,1978,0.537,127.2,0.12,11618047.0
Montana,1979,0.567,120.3,0.12,11336539.0
Montana,1980,0.604,122.0,0.12,11504367.0
Montana,1981,0.657,121.1,0.12,11436105.0
Montana,1982,0.772,122.4,0.12,11649438.0
Montana,1983,0.913,113.7,0.12,10930021.0
Montana,1984,0.955,110.1,0.16,13072334.0
Montana,1985,1.02,103.6,0.16,13712206.0
Montana,1986,1.062,97.8,0.16,12943445.0
Montana,1987,1.153,91.7,0.16,12410773.0
Montana,1988,1.23,87.1,0.16,11647130.0
Montana,1989,1.404,86.2,0.16,11398693.0
Montana,1990,1.436,84.7,0.16,12262620.0
Montana,1991,1.635,82.9,0.18,11888546.0
Montana,1992,1.794,86.6,0.18,12452707.0
Montana,1993,1.513,86.0,0.18,13191145.0
Montana,1994,1.554,88.2,0.1926,12852542.0
Montana,1995,1.568,90.5,0.18,14227799.0
Montana,1996,1.649,87.3,0.18,13646453.0
Montana,1997,1.754,88.9,0.18,14035657.0
Montana,1998,1.963,89.1,0.18,14093529.0
Montana,1999,2.607,82.6,0.18,13131619.0
Montana,2000,2.71,75.5,0.18,12441859.0
Montana,2001,3.093,74.8,0.18,12151610.0
Montana,2002,3.217,74.4,0.18,12120167.0
Montana,2003,3.834,71.7,0.7,16740385.0
Montana,2004,3.94,68.0,0.7,43748031.0
Montana,2005,4.814,63.5,1.7,59519369.0
Montana,2006,4.914,51.6,1.7,82180007.0
Montana,2007,4.968,52.6,1.7,84579607.0
Montana,2008,5.008,52.6,1.7,85625847.0
Montana,2009,5.766,49.8,1.7,81852136.0
Montana,2010,6.121,47.3,1.7,78492027.0
Montana,2011,6.189,45.5,1.7,76430979.0
Montana,2012,6.128,45.5,1.7,77265829.0
Montana,2013,6.155,44.3,1.7,75664883.0
Montana,2014,6.296,43.0,1.7,74316187.0
Montana,2015,6.294,42.2,1.7,73322316.0
Montana,2016,6.444,42.2,1.7,74109375.0
Montana,2017,6.535,41.1,1.7,72871384.0
Montana,2018,6.692,37.2,1.7,66653461.0
Montana,2019,6.919,36.4,1.7,67151551.0
Nebraska,1970,0.347,108.1,0.08,12529000.0
Nebraska,1971,0.411,108.6,0.13,14171000.0
Nebraska,1972,0.412,104.9,0.13,20623000.0
Nebraska,1973,0.42,106.6,0.13,21119000.0
Nebraska,1974,0.446,110.5,0.13,22153000.0
Nebraska,1975,0.468,114.1,0.13,22892000.0
Nebraska,1976,0.481,118.1,0.13,23744000.0
Nebraska,1977,0.536,117.7,0.13,23759000.0
Nebraska,1978,0.554,117.4,0.13,23822000.0
Nebraska,1979,0.595,116.1,0.13,23614000.0
Nebraska,1980,0.609,116.3,0.13,23791000.0
Nebraska,1981,0.697,117.0,0.13,23878000.0
Nebraska,1982,0.837,117.1,0.18,26594000.0
Nebraska,1983,0.948,110.8,0.18,31636000.0
Nebraska,1984,0.958,107.7,0.18,31069000.0
Nebraska,1985,1.04,105.1,0.18,30639000.0
Nebraska,1986,1.137,103.1,0.23,32372000.0
Nebraska,1987,1.233,101.3,0.23,37825000.0
Nebraska,1988,1.393,92.9,0.27,40486641.0
Nebraska,1989,1.434,93.8,0.27,40792067.0
Nebraska,1990,1.522,89.9,0.27,39082338.0
Nebraska,1991,1.695,92.4,0.27,39469181.0
Nebraska,1992,1.772,90.6,0.27,38702772.0
Nebraska,1993,1.696,91.1,0.27,38832035.0
Nebraska,1994,1.707,85.9,0.27,46309358.0
Nebraska,1995,1.755,88.5,0.34,48521230.0
Nebraska,1996,1.848,86.2,0.34,47705434.0
Nebraska,1997,1.946,85.5,0.34,48092261.0
Nebraska,1998,2.146,79.7,0.34,44748964.0
Nebraska,1999,2.883,86.8,0.34,48966120.0
Nebraska,2000,3.095,77.6,0.34,44993900.0
Nebraska,2001,3.278,69.8,0.34,40607220.0
Nebraska,2002,3.867,77.3,0.34,45028920.0
Nebraska,2003,3.791,68.4,0.64,60863730.0
Nebraska,2004,3.619,61.8,0.64,68818560.0
Nebraska,2005,3.648,61.0,0.64,68200320.0
Nebraska,2006,3.718,59.5,0.64,67026240.0
Nebraska,2007,3.764,60.1,0.64,67967040.0
Nebraska,2008,3.767,63.2,0.64,71763480.0
Nebraska,2009,4.693,59.8,0.64,68243520.0
Nebraska,2010,4.979,55.0,0.64,63205440.0
Nebraska,2011,5.107,53.5,0.64,62516160.0
Nebraska,2012,5.062,52.5,0.64,61948800.0
Nebraska,2013,5.27,51.2,0.64,60778560.0
Nebraska,2014,5.326,47.3,0.64,56575680.0
Nebraska,2015,5.234,46.6,0.64,56103360.0
Nebraska,2016,5.355,46.3,0.64,56137920.0
Nebraska,2017,5.498,43.4,0.64,53023680.0
Nebraska,2018,5.544,43.4,0.64,53278320.0
Nebraska,2019,5.776,40.6,0.64,50168160.0
Nevada,1970,0.44,189.5,0.1,8729000.0
Nevada,1971,0.406,190.5,0.1,9366000.0
Nevada,1972,0.403,198.6,0.1,10039000.0
Nevada,1973,0.419,201.5,0.1,10546000.0
Nevada,1974,0.445,204.7,0.1,11130000.0
Nevada,1975,0.449,205.2,0.1,11665000.0
Nevada,1976,0.493,201.4,0.1,11756000.0
Nevada,1977,0.543,190.8,0.1,11648000.0
Nevada,1978,0.571,187.0,0.1,11871000.0
Nevada,1979,0.631,183.3,0.1,12128000.0
Nevada,1980,0.633,177.7,0.1,12536000.0
Nevada,1981,0.716,171.9,0.1,13794000.0
Nevada,1982,0.819,165.1,0.1,14012000.0
Nevada,1983,0.998,159.2,0.1,14092000.0
Nevada,1984,1.093,136.6,0.15,17605891.0
Nevada,1985,1.066,146.7,0.15,20320667.0
Nevada,1986,1.14,142.6,0.15,20284792.0
Nevada,1987,1.296,147.7,0.15,20932015.0
Nevada,1988,1.456,141.9,0.2,28019991.0
Nevada,1989,1.737,137.9,0.2,29526100.0
Nevada,1990,1.863,137.3,0.2,48131119.0
Nevada,1991,1.938,115.5,0.35,50229047.0
Nevada,1992,1.968,110.0,0.35,47894128.0
Nevada,1993,1.903,108.1,0.35,46349800.0
Nevada,1994,1.904,105.2,0.35,47907937.0
Nevada,1995,1.95,100.9,0.35,49960574.0
Nevada,1996,1.985,99.0,0.35,51188921.0
Nevada,1997,2.006,95.6,0.35,53619000.0
Nevada,1998,2.258,102.4,0.35,57467347.0
Nevada,1999,3.035,103.9,0.35,60977962.0
Nevada,2000,3.184,93.2,0.35,61016795.0
Nevada,2001,3.221,90.5,0.35,63398000.0
Nevada,2002,3.308,82.2,0.35,60595972.0
Nevada,2003,3.767,86.6,0.35,63945704.0
Nevada,2004,3.83,69.9,0.8,124101000.0
Nevada,2005,3.752,69.7,0.8,130165920.0
Nevada,2006,3.78,68.5,0.8,131803093.0
Nevada,2007,4.026,65.5,0.8,130839518.0
Nevada,2008,4.028,61.9,0.8,130032657.0
Nevada,2009,4.979,53.5,0.8,111131905.0
Nevada,2010,5.02,48.1,0.8,101634480.0
Nevada,2011,5.23,45.7,0.8,98666160.0
Nevada,2012,5.181,43.1,0.8,95094310.0
Nevada,2013,5.287,43.2,0.8,95794651.0
Nevada,2014,5.326,41.6,0.8,92935920.0
Nevada,2015,6.388,46.4,0.8,105544640.0
Nevada,2016,6.361,30.9,1.8,162352531.0
Nevada,2017,6.446,36.3,1.8,191998080.0
Nevada,2018,6.705,31.6,1.8,170633520.0
Nevada,2019,6.812,32.0,1.8,174921930.0
New Hampshire,1970,0.341,265.7,0.07,13331935.0
New Hampshire,1971,0.361,278.0,0.085,17820597.0
New Hampshire,1972,0.369,296.2,0.11,24229304.0
New Hampshire,1973,0.379,279.0,0.11,23666198.0
New Hampshire,1974,0.408,269.8,0.11,23476872.0
New Hampshire,1975,0.439,269.1,0.11,23912882.0
New Hampshire,1976,0.45,290.5,0.12,28508000.0
New Hampshire,1977,0.497,278.8,0.12,27498000.0
New Hampshire,1978,0.532,269.6,0.12,27463000.0
New Hampshire,1979,0.553,254.6,0.12,26610000.0
New Hampshire,1980,0.584,247.8,0.12,26373000.0
New Hampshire,1981,0.67,245.4,0.12,27123000.0
New Hampshire,1982,0.747,239.8,0.12,26934000.0
New Hampshire,1983,0.905,232.9,0.12,26583000.0
New Hampshire,1984,0.892,215.1,0.17,34316000.0
New Hampshire,1985,1.0,201.1,0.17,33552000.0
New Hampshire,1986,1.02,195.9,0.17,33639000.0
New Hampshire,1987,1.135,195.1,0.17,32327000.0
New Hampshire,1988,1.259,180.4,0.17,32515000.0
New Hampshire,1989,1.359,172.9,0.17,32082000.0
New Hampshire,1990,1.539,152.4,0.17,37639000.0
New Hampshire,1991,1.644,144.8,0.21,40860000.0
New Hampshire,1992,1.811,143.7,0.25,40608665.0
New Hampshire,1993,1.578,148.9,0.25,41940913.0
New Hampshire,1994,1.639,153.8,0.25,43658153.0
New Hampshire,1995,1.686,158.5,0.25,44765496.0
New Hampshire,1996,1.766,158.0,0.25,45121750.0
New Hampshire,1997,1.97,174.4,0.25,50638656.0
New Hampshire,1998,2.228,173.8,0.25,74917359.0
New Hampshire,1999,3.139,171.7,0.37,72034018.0
New Hampshire,2000,3.215,147.3,0.52,93587673.0
New Hampshire,2001,3.529,136.1,0.52,87461400.0
New Hampshire,2002,3.577,131.6,0.52,86158800.0
New Hampshire,2003,3.57,146.2,0.52,95760255.0
New Hampshire,2004,3.516,148.4,0.52,99326040.0
New Hampshire,2005,3.725,138.6,0.52,93439635.0
New Hampshire,2006,3.764,135.5,0.8,142008000.0
New Hampshire,2007,4.24,131.6,0.8,138573600.0
New Hampshire,2008,4.423,113.5,1.08,161215200.0
New Hampshire,2009,5.878,116.6,1.33,190829172.0
New Hampshire,2010,5.964,97.1,1.78,229636416.0
New Hampshire,2011,5.93,92.9,1.78,218390304.0
New Hampshire,2012,5.876,93.9,1.68,207917640.0
New Hampshire,2013,6.009,89.6,1.68,198896040.0
New Hampshire,2014,6.075,90.6,1.78,210527196.0
New Hampshire,2015,6.343,89.6,1.78,211540105.0
New Hampshire,2016,6.432,91.5,1.78,215563560.0
New Hampshire,2017,6.445,87.3,1.78,208028237.0
New Hampshire,2018,6.611,83.4,1.78,200202084.0
New Hampshire,2019,6.788,78.4,1.78,189399120.0
New Jersey,1970,0.417,120.7,0.14,120808000.0
New Jersey,1971,0.421,125.1,0.14,125984000.0
New Jersey,1972,0.489,128.4,0.19,137924000.0
New Jersey,1973,0.502,120.2,0.19,168261000.0
New Jersey,1974,0.528,121.4,0.19,169724000.0
New Jersey,1975,0.536,122.3,0.19,170266000.0
New Jersey,1976,0.569,122.4,0.19,170091000.0
New Jersey,1977,0.619,122.8,0.19,171187000.0
New Jersey,1978,0.635,123.9,0.19,172543000.0
New Jersey,1979,0.664,123.8,0.19,172389000.0
New Jersey,1980,0.687,124.3,0.19,173132000.0
New Jersey,1981,0.762,127.9,0.19,178888000.0
New Jersey,1982,0.921,126.3,0.24,178853000.0
New Jersey,1983,1.011,121.3,0.24,216604000.0
New Jersey,1984,1.047,117.8,0.25,220420000.0
New Jersey,1985,1.145,116.9,0.25,220409000.0
New Jersey,1986,1.196,115.5,0.25,218338000.0
New Jersey,1987,1.318,111.6,0.25,212502000.0
New Jersey,1988,1.395,107.8,0.27,225407000.0
New Jersey,1989,1.493,103.0,0.27,216937000.0
New Jersey,1990,1.804,98.6,0.27,206978000.0
New Jersey,1991,1.911,86.7,0.27,269551562.0
New Jersey,1992,2.054,86.6,0.4,269134972.0
New Jersey,1993,1.829,82.9,0.4,257517600.0
New Jersey,1994,1.878,81.6,0.4,251644224.0
New Jersey,1995,1.943,81.0,0.4,256147750.0
New Jersey,1996,1.946,79.1,0.4,251487000.0
New Jersey,1997,2.083,77.0,0.4,245962500.0
New Jersey,1998,2.732,72.6,0.4,318899400.0
New Jersey,1999,3.397,63.6,0.8,409427600.0
New Jersey,2000,3.637,60.1,0.8,393178600.0
New Jersey,2001,3.798,57.7,0.8,388675200.0
New Jersey,2002,4.632,58.4,0.8,396183400.0
New Jersey,2003,5.47,48.1,1.5,612090375.0
New Jersey,2004,5.617,43.0,2.05,760798400.0
New Jersey,2005,5.615,37.5,2.4,780657000.0
New Jersey,2006,5.989,37.7,2.4,788651400.0
New Jersey,2007,6.094,34.2,2.575,766473718.0
New Jersey,2008,6.222,34.2,2.575,764747319.0
New Jersey,2009,7.147,32.6,2.575,728052925.0
New Jersey,2010,7.293,31.1,2.7,732240000.0
New Jersey,2011,7.372,32.5,2.7,771157800.0
New Jersey,2012,7.322,31.6,2.7,753264900.0
New Jersey,2013,7.37,30.6,2.7,733079700.0
New Jersey,2014,7.428,29.3,2.7,704600100.0
New Jersey,2015,7.38,28.3,2.7,683842500.0
New Jersey,2016,7.51,28.1,2.7,679403700.0
New Jersey,2017,7.579,27.3,2.7,660069000.0
New Jersey,2018,7.666,25.8,2.7,628149600.0
New Jersey,2019,8.061,24.1,2.7,579978900.0
New Mexico,1970,0.417,90.0,0.12,10731000.0
New Mexico,1971,0.421,92.6,0.12,11258000.0
New Mexico,1972,0.418,99.3,0.12,12233000.0
New Mexico,1973,0.437,98.9,0.12,12574000.0
New Mexico,1974,0.463,100.3,0.12,13252000.0
New Mexico,1975,0.495,103.1,0.12,13876000.0
New Mexico,1976,0.516,102.4,0.12,14101000.0
New Mexico,1977,0.56,102.4,0.12,14347000.0
New Mexico,1978,0.576,103.1,0.12,14717000.0
New Mexico,1979,0.626,101.0,0.12,14688000.0
New Mexico,1980,0.63,102.7,0.12,15288000.0
New Mexico,1981,0.694,103.0,0.12,16073000.0
New Mexico,1982,0.796,97.5,0.12,15542000.0
New Mexico,1983,0.902,96.3,0.12,15700000.0
New Mexico,1984,0.955,88.9,0.12,15118000.0
New Mexico,1985,1.012,88.0,0.12,15319000.0
New Mexico,1986,1.102,88.2,0.12,15317000.0
New Mexico,1987,1.137,82.3,0.15,18219078.0
New Mexico,1988,1.272,77.7,0.15,17793231.0
New Mexico,1989,1.336,74.4,0.15,17172461.0
New Mexico,1990,1.469,70.8,0.15,16304007.0
New Mexico,1991,1.654,69.9,0.15,16083848.0
New Mexico,1992,1.722,71.4,0.15,16441366.0
New Mexico,1993,1.584,69.0,0.15,15878331.0
New Mexico,1994,1.635,68.2,0.15,22387048.0
New Mexico,1995,1.708,67.0,0.21,22995749.0
New Mexico,1996,1.76,65.7,0.21,23190321.0
New Mexico,1997,1.838,61.8,0.21,22336717.0
New Mexico,1998,2.018,62.6,0.21,22610771.0
New Mexico,1999,2.798,59.7,0.21,21688579.0
New Mexico,2000,2.916,53.8,0.21,21007059.0
New Mexico,2001,3.203,53.7,0.21,20521817.0
New Mexico,2002,3.345,52.2,0.21,20050649.0
New Mexico,2003,3.787,53.5,0.21,20558788.0
New Mexico,2004,3.883,35.4,0.91,60993796.0
New Mexico,2005,3.81,35.5,0.91,61480221.0
New Mexico,2006,3.823,35.4,0.91,62035734.0
New Mexico,2007,4.057,34.6,0.91,61629067.0
New Mexico,2008,4.197,34.0,0.91,61027102.0
New Mexico,2009,5.102,32.7,0.91,58893015.0
New Mexico,2010,5.925,30.3,0.91,55792327.0
New Mexico,2011,6.06,27.3,1.66,93300922.0
New Mexico,2012,6.173,26.7,1.66,92328577.0
New Mexico,2013,6.168,26.4,1.66,91475753.0
New Mexico,2014,6.337,24.6,1.66,85261335.0
New Mexico,2015,6.432,25.8,1.66,89405940.0
New Mexico,2016,6.518,24.6,1.66,85115670.0
New Mexico,2017,6.53,24.0,1.66,83074493.0
New Mexico,2018,6.641,23.6,1.66,81709972.0
New Mexico,2019,7.171,22.6,1.66,78666356.0
New York,1970,0.417,119.0,0.12,261698000.0
New York,1971,0.427,123.3,0.12,270069000.0
New York,1972,0.458,119.9,0.15,293877000.0
New York,1973,0.474,118.7,0.15,327192000.0
New York,1974,0.515,121.6,0.15,333255000.0
New York,1975,0.542,123.9,0.15,336549000.0
New York,1976,0.538,124.6,0.15,338668000.0
New York,1977,0.595,125.5,0.15,340307000.0
New York,1978,0.611,126.4,0.15,339839000.0
New York,1979,0.644,124.4,0.15,330650000.0
New York,1980,0.659,127.6,0.15,337733000.0
New York,1981,0.725,130.1,0.15,342554000.0
New York,1982,0.831,128.5,0.15,339178000.0
New York,1983,1.008,124.6,0.21,362161000.0
New York,1984,1.062,119.3,0.21,446661000.0
New York,1985,1.112,115.9,0.21,437593000.0
New York,1986,1.17,114.0,0.21,427738000.0
New York,1987,1.259,108.9,0.21,411610000.0
New York,1988,1.367,106.2,0.21,403093000.0
New York,1989,1.674,100.1,0.33,417597000.0
New York,1990,1.804,93.7,0.33,562760969.0
New York,1991,1.985,86.4,0.39,611041549.0
New York,1992,2.038,82.4,0.39,582518658.0
New York,1993,2.077,78.2,0.39,561867763.0
New York,1994,2.121,71.6,0.56,729191177.0
New York,1995,2.142,70.5,0.56,719824998.0
New York,1996,2.225,65.9,0.56,674204524.0
New York,1997,2.293,64.5,0.56,658497602.0
New York,1998,2.536,64.9,0.56,662623540.0
New York,1999,3.268,62.9,0.56,642200452.0
New York,2000,3.985,57.8,1.11,738115241.0
New York,2001,4.313,48.0,1.11,1014362644.0
New York,2002,5.684,46.5,1.5,1066093134.0
New York,2003,5.54,35.3,1.5,1015809692.0
New York,2004,5.485,33.7,1.5,977115124.0
New York,2005,5.457,32.4,1.5,939725433.0
New York,2006,5.444,32.4,1.5,941501119.0
New York,2007,5.472,32.3,1.5,936456574.0
New York,2008,6.733,31.5,2.75,959566346.0
New York,2009,7.613,24.8,2.75,1330335699.0
New York,2010,9.653,24.1,2.75,1299942364.0
New York,2011,9.849,18.3,4.35,1543947044.0
New York,2012,9.967,18.0,4.35,1531170092.0
New York,2013,10.03,16.6,4.35,1425269207.0
New York,2014,10.066,15.4,4.35,1326507365.0
New York,2015,10.155,14.6,4.35,1257371747.0
New York,2016,10.226,14.0,4.35,1208849771.0
New York,2017,10.376,13.3,4.35,1141061696.0
New York,2018,10.346,12.5,4.35,1079839812.0
New York,2019,10.533,11.7,4.35,995653069.0
North Carolina,1970,0.294,172.4,0.02,13459000.0
North Carolina,1971,0.287,187.6,0.02,19098000.0
North Carolina,1972,0.289,214.1,0.02,22040000.0
North Carolina,1973,0.301,226.5,0.02,23623000.0
North Carolina,1974,0.329,227.3,0.02,23973000.0
North Carolina,1975,0.358,226.0,0.02,24238000.0
North Carolina,1976,0.366,230.2,0.02,25092000.0
North Carolina,1977,0.418,217.0,0.02,23730000.0
North Carolina,1978,0.437,205.5,0.02,22708000.0
North Carolina,1979,0.473,197.3,0.02,22004000.0
North Carolina,1980,0.5,187.8,0.02,21060000.0
North Carolina,1981,0.555,179.3,0.02,21069000.0
North Carolina,1982,0.66,179.0,0.02,21308000.0
North Carolina,1983,0.75,169.7,0.02,20429000.0
North Carolina,1984,0.789,160.6,0.02,19661000.0
North Carolina,1985,0.837,156.3,0.02,19426000.0
North Carolina,1986,0.906,154.4,0.02,19313000.0
North Carolina,1987,0.96,150.5,0.02,18972000.0
North Carolina,1988,1.076,146.0,0.02,18974000.0
North Carolina,1989,1.164,139.3,0.02,18328000.0
North Carolina,1990,1.266,133.7,0.02,17856000.0
North Carolina,1991,1.45,132.7,0.02,17760000.0
North Carolina,1992,1.535,128.8,0.02,39908931.0
North Carolina,1993,1.359,129.7,0.05,43394879.0
North Carolina,1994,1.423,112.7,0.05,38183312.0
North Carolina,1995,1.456,124.9,0.05,44172244.0
North Carolina,1996,1.52,129.7,0.05,46226043.0
North Carolina,1997,1.676,125.6,0.05,45844901.0
North Carolina,1998,1.868,126.0,0.05,46123730.0
North Carolina,1999,2.573,113.1,0.05,41991034.0
North Carolina,2000,2.767,109.0,0.05,42378037.0
North Carolina,2001,2.912,100.1,0.05,40309132.0
North Carolina,2002,3.072,98.5,0.05,40328354.0
North Carolina,2003,3.112,97.7,0.05,40313704.0
North Carolina,2004,3.034,95.6,0.05,40192892.0
North Carolina,2005,3.29,93.8,0.05,40052354.0
North Carolina,2006,3.289,89.6,0.3,169270439.0
North Carolina,2007,3.447,78.3,0.35,239667652.0
North Carolina,2008,3.465,73.7,0.35,233795276.0
North Carolina,2009,4.505,69.6,0.35,224747751.0
North Carolina,2010,4.591,61.5,0.45,249604191.0
North Carolina,2011,4.612,60.9,0.45,261362556.0
North Carolina,2012,4.578,60.7,0.45,263600000.0
North Carolina,2013,4.627,57.5,0.45,252227647.0
North Carolina,2014,4.758,56.7,0.45,251193060.0
North Carolina,2015,4.741,54.1,0.45,242185688.0
North Carolina,2016,4.9,54.4,0.45,245725427.0
North Carolina,2017,4.975,54.5,0.45,249011980.0
North Carolina,2018,5.173,53.2,0.45,245944066.0
North Carolina,2019,5.363,51.6,0.45,241091949.0
North Dakota,1970,0.389,93.8,0.11,6261213.0
North Dakota,1971,0.389,98.5,0.11,6695694.0
North Dakota,1972,0.394,103.8,0.11,7139673.0
North Dakota,1973,0.399,108.7,0.11,7599262.0
North Dakota,1974,0.426,110.5,0.11,7779886.0
North Dakota,1975,0.459,117.9,0.11,8260851.0
North Dakota,1976,0.474,125.4,0.11,8760004.0
North Dakota,1977,0.532,122.2,0.11,8641141.0
North Dakota,1978,0.55,121.9,0.11,8756406.0
North Dakota,1979,0.596,121.3,0.11,8705686.0
North Dakota,1980,0.62,123.7,0.12,9686868.0
North Dakota,1981,0.678,125.7,0.12,9847648.0
North Dakota,1982,0.779,126.8,0.12,10008539.0
North Dakota,1983,0.944,119.6,0.18,10593220.0
North Dakota,1984,1.006,109.4,0.18,13531577.0
North Dakota,1985,1.042,103.2,0.18,12858557.0
North Dakota,1986,1.103,99.8,0.18,12309345.0
North Dakota,1987,1.233,92.3,0.18,11627423.0
North Dakota,1988,1.359,87.1,0.27,17049701.0
North Dakota,1989,1.443,84.1,0.27,15624052.0
North Dakota,1990,1.598,77.1,0.27,16111103.0
North Dakota,1991,1.683,85.2,0.3,16259289.0
North Dakota,1992,1.776,74.4,0.3,13509061.0
North Dakota,1993,1.801,83.0,0.29,15301088.0
North Dakota,1994,1.795,81.0,0.29,21799053.0
North Dakota,1995,1.827,80.6,0.44,22544218.0
North Dakota,1996,1.941,80.8,0.44,22692162.0
North Dakota,1997,2.052,77.5,0.44,21960613.0
North Dakota,1998,2.236,79.1,0.44,22408447.0
North Dakota,1999,2.975,74.7,0.44,21059175.0
North Dakota,2000,3.069,72.5,0.44,21132140.0
North Dakota,2001,3.383,70.1,0.44,19799840.0
North Dakota,2002,3.604,68.5,0.44,19117534.0
North Dakota,2003,3.533,65.7,0.44,18345620.0
North Dakota,2004,3.399,65.7,0.44,18450952.0
North Dakota,2005,3.35,66.0,0.44,18464975.0
North Dakota,2006,3.365,73.7,0.44,20638627.0
North Dakota,2007,3.54,75.9,0.44,21228308.0
North Dakota,2008,3.536,74.0,0.44,20870634.0
North Dakota,2009,4.193,72.9,0.44,20583345.0
North Dakota,2010,4.409,69.3,0.44,19736955.0
North Dakota,2011,4.506,69.0,0.44,20433411.0
North Dakota,2012,4.445,74.5,0.44,22420469.0
North Dakota,2013,4.552,72.5,0.44,22359059.0
North Dakota,2014,4.733,75.8,0.44,24123029.0
North Dakota,2015,4.709,75.8,0.44,24665664.0
North Dakota,2016,4.806,70.2,0.44,23385135.0
North Dakota,2017,4.966,65.2,0.44,21731736.0
North Dakota,2018,5.235,62.8,0.44,20885069.0
North Dakota,2019,5.429,59.9,0.44,20034034.0
Ohio,1970,0.381,121.6,0.1,127544000.0
Ohio,1971,0.384,124.6,0.1,133146000.0
Ohio,1972,0.42,124.4,0.15,172266000.0
Ohio,1973,0.429,120.5,0.15,194891000.0
Ohio,1974,0.46,122.1,0.15,196578000.0
Ohio,1975,0.485,122.5,0.15,197352000.0
Ohio,1976,0.498,124.6,0.15,201135000.0
Ohio,1977,0.539,127.3,0.15,204153000.0
Ohio,1978,0.563,131.3,0.15,210701000.0
Ohio,1979,0.587,130.9,0.15,211049000.0
Ohio,1980,0.614,133.5,0.15,214864000.0
Ohio,1981,0.683,132.8,0.15,215017000.0
Ohio,1982,0.825,134.0,0.14,207814000.0
Ohio,1983,0.892,130.0,0.14,196422000.0
Ohio,1984,0.922,127.1,0.14,191666000.0
Ohio,1985,0.981,126.7,0.14,191793000.0
Ohio,1986,1.022,126.3,0.14,190198000.0
Ohio,1987,1.084,124.6,0.14,188898000.0
Ohio,1988,1.205,122.4,0.18,236811000.0
Ohio,1989,1.354,118.6,0.18,232561000.0
Ohio,1990,1.398,115.5,0.18,226507000.0
Ohio,1991,1.596,113.2,0.18,221408000.0
Ohio,1992,1.625,112.3,0.18,219655000.0
Ohio,1993,1.512,108.9,0.18,247490667.0
Ohio,1994,1.556,108.6,0.24,284468676.0
Ohio,1995,1.597,111.7,0.24,294211398.0
Ohio,1996,1.668,107.6,0.24,287334941.0
Ohio,1997,1.729,108.6,0.24,288577567.0
Ohio,1998,1.932,106.4,0.24,285282926.0
Ohio,1999,2.654,104.0,0.24,279313463.0
Ohio,2000,2.793,99.9,0.24,271259739.0
Ohio,2001,3.102,100.0,0.24,272598343.0
Ohio,2002,3.592,96.8,0.24,264300240.0
Ohio,2003,3.588,90.2,0.55,548764842.0
Ohio,2004,3.496,85.9,0.55,540376592.0
Ohio,2005,4.097,89.0,0.55,564837977.0
Ohio,2006,4.19,70.5,1.25,1010469344.0
Ohio,2007,4.414,67.8,1.25,972740773.0
Ohio,2008,4.477,64.7,1.25,927900797.0
Ohio,2009,5.37,61.6,1.25,884138000.0
Ohio,2010,5.505,59.3,1.25,855091219.0
Ohio,2011,5.614,56.8,1.25,818437395.0
Ohio,2012,5.525,55.7,1.25,804236250.0
Ohio,2013,5.631,54.6,1.25,789832969.0
Ohio,2014,5.673,53.3,1.25,771577453.0
Ohio,2015,6.072,52.4,1.25,759166406.0
Ohio,2016,6.227,50.8,1.6,944424423.0
Ohio,2017,6.307,50.1,1.6,930666000.0
Ohio,2018,6.426,47.6,1.6,887432640.0
Ohio,2019,6.62,45.7,1.6,855373680.0
Oklahoma,1970,0.398,108.4,0.13,36185928.0
Oklahoma,1971,0.398,115.4,0.13,38577881.0
Oklahoma,1972,0.404,121.7,0.13,41295131.0
Oklahoma,1973,0.41,124.1,0.13,42488076.0
Oklahoma,1974,0.436,130.5,0.13,45178513.0
Oklahoma,1975,0.464,132.9,0.13,46797075.0
Oklahoma,1976,0.479,138.6,0.13,48870860.0
Oklahoma,1977,0.531,140.4,0.13,50502883.0
Oklahoma,1978,0.555,143.6,0.13,52475244.0
Oklahoma,1979,0.629,141.6,0.13,53000386.0
Oklahoma,1980,0.658,141.6,0.18,73476900.0
Oklahoma,1981,0.717,143.7,0.18,78231671.0
Oklahoma,1982,0.839,147.0,0.18,82012528.0
Oklahoma,1983,0.933,140.0,0.18,80059844.0
Oklahoma,1984,0.951,128.1,0.18,77128269.0
Oklahoma,1985,1.046,124.2,0.18,74875926.0
Oklahoma,1986,1.144,119.9,0.18,71022806.0
Oklahoma,1987,1.226,113.1,0.23,69661713.0
Oklahoma,1988,1.334,103.6,0.23,79679720.0
Oklahoma,1989,1.461,97.5,0.23,74548378.0
Oklahoma,1990,1.491,88.4,0.23,67464411.0
Oklahoma,1991,1.706,87.8,0.23,63468915.0
Oklahoma,1992,1.824,86.3,0.23,62351049.0
Oklahoma,1993,1.634,86.2,0.23,62438584.0
Oklahoma,1994,1.611,104.8,0.23,65233478.0
Oklahoma,1995,1.627,109.5,0.23,66745446.0
Oklahoma,1996,1.72,110.8,0.23,66891015.0
Oklahoma,1997,1.836,111.8,0.23,67824069.0
Oklahoma,1998,2.034,112.2,0.23,67715345.0
Oklahoma,1999,2.726,111.4,0.23,66796658.0
Oklahoma,2000,2.904,108.9,0.23,63926361.0
Oklahoma,2001,3.138,108.1,0.23,63695786.0
Oklahoma,2002,3.211,102.0,0.23,59280703.0
Oklahoma,2003,3.225,103.0,0.23,58909612.0
Oklahoma,2004,3.222,101.6,0.23,58779705.0
Oklahoma,2005,4.004,98.2,1.03,126709675.0
Oklahoma,2006,4.038,87.2,1.03,197713135.0
Oklahoma,2007,4.1,85.8,1.03,205249740.0
Oklahoma,2008,4.184,86.7,1.03,225326586.0
Oklahoma,2009,5.209,79.0,1.03,241081728.0
Oklahoma,2010,5.337,71.2,1.03,235251213.0
Oklahoma,2011,5.551,71.0,1.03,239314439.0
Oklahoma,2012,5.4,71.3,1.03,245663922.0
Oklahoma,2013,5.533,67.2,1.03,230708318.0
Oklahoma,2014,5.497,64.3,1.03,238739051.0
Oklahoma,2015,5.708,62.6,1.03,249357505.0
Oklahoma,2016,5.837,61.2,1.03,246458891.0
Oklahoma,2017,5.93,60.5,1.03,244622480.0
Oklahoma,2018,7.139,58.1,1.03,235127629.0
Oklahoma,2019,7.366,42.8,2.03,342481889.0
Oregon,1970,0.29,157.0,0.04,12760000.0
Oregon,1971,0.305,157.9,0.04,13280000.0
Oregon,1972,0.351,160.4,0.09,19540000.0
Oregon,1973,0.366,155.3,0.09,30495000.0
Oregon,1974,0.394,155.8,0.09,31199000.0
Oregon,1975,0.424,154.4,0.09,31489000.0
Oregon,1976,0.444,156.5,0.09,32219000.0
Oregon,1977,0.507,155.6,0.09,32606000.0
Oregon,1978,0.519,156.3,0.09,33423000.0
Oregon,1979,0.54,150.7,0.09,33151000.0
Oregon,1980,0.569,146.5,0.09,33324000.0
Oregon,1981,0.624,143.1,0.09,33907000.0
Oregon,1982,0.82,135.3,0.19,46988000.0
Oregon,1983,0.965,124.6,0.19,62693000.0
Oregon,1984,0.975,118.0,0.19,49240000.0
Oregon,1985,1.047,118.6,0.19,60663000.0
Oregon,1986,1.171,112.0,0.27,75011574.0
Oregon,1987,1.308,108.9,0.27,79656885.0
Oregon,1988,1.45,108.2,0.27,80000326.0
Oregon,1989,1.569,106.6,0.27,79269435.0
Oregon,1990,1.601,102.5,0.27,78590210.0
Oregon,1991,1.772,100.1,0.28,80242820.0
Oregon,1992,1.919,101.6,0.28,81759720.0
Oregon,1993,1.784,98.7,0.28,80241000.0
Oregon,1994,1.896,96.6,0.28,95850185.0
Oregon,1995,1.908,94.6,0.38,111256020.0
Oregon,1996,1.976,94.3,0.38,104373950.0
Oregon,1997,2.341,89.5,0.38,140419675.0
Oregon,1998,2.583,84.2,0.68,183890506.0
Oregon,1999,3.242,79.9,0.68,176065137.0
Oregon,2000,3.456,72.0,0.68,166358500.0
Oregon,2001,3.623,68.6,0.68,159576430.0
Oregon,2002,4.045,66.6,0.68,157306730.0
Oregon,2003,4.239,60.9,1.28,224181658.0
Oregon,2004,4.142,55.2,1.18,242470062.0
Oregon,2005,4.228,53.2,1.18,225592217.0
Oregon,2006,4.21,54.7,1.18,234066952.0
Oregon,2007,4.288,55.5,1.18,242178361.0
Oregon,2008,4.29,50.4,1.18,222958892.0
Oregon,2009,5.099,48.4,1.18,216407000.0
Oregon,2010,5.411,44.7,1.18,202267007.0
Oregon,2011,5.516,47.0,1.18,212364953.0
Oregon,2012,5.473,44.7,1.18,204178765.0
Oregon,2013,5.683,43.3,1.18,199223787.0
Oregon,2014,5.707,41.4,1.31,201840986.0
Oregon,2015,5.907,40.5,1.31,210880511.0
Oregon,2016,6.002,40.0,1.32,211538289.0
Oregon,2017,6.124,38.3,1.32,206957210.0
Oregon,2018,6.334,37.2,1.33,203897712.0
Oregon,2019,6.495,35.0,1.33,194987726.0
Pennsylvania,1970,0.447,107.3,0.18,194682000.0
Pennsylvania,1971,0.447,106.3,0.18,226203000.0
Pennsylvania,1972,0.449,109.0,0.18,230952000.0
Pennsylvania,1973,0.466,110.7,0.18,237602000.0
Pennsylvania,1974,0.498,114.2,0.18,244659000.0
Pennsylvania,1975,0.523,114.6,0.18,244757000.0
Pennsylvania,1976,0.533,118.8,0.18,252983000.0
Pennsylvania,1977,0.574,120.1,0.18,256408000.0
Pennsylvania,1978,0.606,122.3,0.18,259411000.0
Pennsylvania,1979,0.613,122.6,0.18,259213000.0
Pennsylvania,1980,0.648,124.0,0.18,281805000.0
Pennsylvania,1981,0.698,125.2,0.18,267388000.0
Pennsylvania,1982,0.817,123.3,0.18,263486000.0
Pennsylvania,1983,0.977,125.3,0.18,267582000.0
Pennsylvania,1984,1.001,115.3,0.18,247380000.0
Pennsylvania,1985,1.049,115.8,0.18,249415000.0
Pennsylvania,1986,1.1,113.9,0.18,243253000.0
Pennsylvania,1987,1.123,110.6,0.18,240627000.0
Pennsylvania,1988,1.228,107.6,0.18,237862000.0
Pennsylvania,1989,1.337,107.1,0.18,232241000.0
Pennsylvania,1990,1.441,101.3,0.18,222847000.0
Pennsylvania,1991,1.762,102.5,0.18,225826000.0
Pennsylvania,1992,1.838,96.2,0.18,338770000.0
Pennsylvania,1993,1.581,94.7,0.31,352269000.0
Pennsylvania,1994,1.617,95.4,0.31,356174000.0
Pennsylvania,1995,1.694,95.4,0.31,358574000.0
Pennsylvania,1996,1.765,93.3,0.31,351016000.0
Pennsylvania,1997,1.909,92.9,0.31,347231000.0
Pennsylvania,1998,2.05,92.1,0.31,346045000.0
Pennsylvania,1999,2.801,91.1,0.31,340942000.0
Pennsylvania,2000,2.919,87.9,0.31,333665000.0
Pennsylvania,2001,3.195,86.8,0.31,330462000.0
Pennsylvania,2002,3.977,86.9,0.31,331645000.0
Pennsylvania,2003,3.907,74.7,1.0,887864000.0
Pennsylvania,2004,4.303,68.9,1.35,1014763000.0
Pennsylvania,2005,4.332,62.8,1.35,1051463000.0
Pennsylvania,2006,4.301,62.4,1.35,1047776000.0
Pennsylvania,2007,4.397,60.8,1.35,1021357000.0
Pennsylvania,2008,4.414,61.4,1.35,1031871000.0
Pennsylvania,2009,5.461,59.2,1.35,995500000.0
Pennsylvania,2010,5.655,57.0,1.6,1087816000.0
Pennsylvania,2011,5.768,56.4,1.6,1145644000.0
Pennsylvania,2012,5.872,55.0,1.6,1122129000.0
Pennsylvania,2013,5.944,52.8,1.6,1078116000.0
Pennsylvania,2014,6.463,50.8,1.6,1038258000.0
Pennsylvania,2015,6.47,48.5,1.6,993112000.0
Pennsylvania,2016,7.804,48.2,1.6,987792000.0
Pennsylvania,2017,7.959,40.5,2.6,1348660440.0
Pennsylvania,2018,8.133,37.8,2.6,1259258980.0
Pennsylvania,2019,8.238,35.7,2.6,1187425200.0
Rhode Island,1970,0.402,123.9,0.13,14682391.0
Rhode Island,1971,0.416,123.2,0.13,15231385.0
Rhode Island,1972,0.406,134.4,0.13,16769392.0
Rhode Island,1973,0.413,142.0,0.13,17872822.0
Rhode Island,1974,0.443,146.1,0.13,18482269.0
Rhode Island,1975,0.522,154.7,0.18,19352000.0
Rhode Island,1976,0.523,150.2,0.18,25351000.0
Rhode Island,1977,0.563,148.8,0.18,24823000.0
Rhode Island,1978,0.587,146.8,0.18,24711000.0
Rhode Island,1979,0.6,145.8,0.18,24530000.0
Rhode Island,1980,0.645,149.3,0.18,24958000.0
Rhode Island,1981,0.716,151.2,0.18,25779000.0
Rhode Island,1982,0.84,146.3,0.23,27315000.0
Rhode Island,1983,0.948,135.8,0.23,29932000.0
Rhode Island,1984,1.003,136.9,0.23,30046000.0
Rhode Island,1985,1.018,133.4,0.23,29750000.0
Rhode Island,1986,1.135,136.3,0.234,30980000.0
Rhode Island,1987,1.215,124.4,0.25,30137000.0
Rhode Island,1988,1.348,138.0,0.25,34147000.0
Rhode Island,1989,1.509,120.8,0.27,34452000.0
Rhode Island,1990,1.703,101.4,0.27,37350000.0
Rhode Island,1991,1.9,103.6,0.37,39066000.0
Rhode Island,1992,1.979,100.1,0.37,37347000.0
Rhode Island,1993,1.689,94.1,0.37,35129046.0
Rhode Island,1994,2.096,91.9,0.37,40883302.0
Rhode Island,1995,2.149,90.8,0.56,50164082.0
Rhode Island,1996,2.17,87.5,0.56,53122026.0
Rhode Island,1997,2.322,90.0,0.61,54317563.0
Rhode Island,1998,2.517,88.7,0.61,62373646.0
Rhode Island,1999,3.229,86.9,0.71,60925100.0
Rhode Island,2000,3.382,83.1,0.71,58788277.0
Rhode Island,2001,3.869,79.5,0.71,59143893.0
Rhode Island,2002,4.42,74.7,1.32,79064459.0
Rhode Island,2003,4.802,67.3,1.32,94002000.0
Rhode Island,2004,5.452,61.1,1.71,112352300.0
Rhode Island,2005,5.637,49.4,2.46,131315700.0
Rhode Island,2006,5.712,47.3,2.46,125110211.0
Rhode Island,2007,5.78,45.3,2.46,118850798.0
Rhode Island,2008,5.803,43.6,2.46,113504400.0
Rhode Island,2009,7.735,44.7,3.46,124880200.0
Rhode Island,2010,7.795,37.1,3.46,135251400.0
Rhode Island,2011,7.854,36.3,3.46,132345000.0
Rhode Island,2012,8.23,35.8,3.46,130103086.0
Rhode Island,2013,8.219,35.3,3.5,129608951.0
Rhode Island,2014,8.248,36.7,3.5,135240000.0
Rhode Island,2015,8.62,36.8,3.5,135732649.0
Rhode Island,2016,8.822,35.2,3.75,139500000.0
Rhode Island,2017,9.429,34.2,3.75,135317715.0
Rhode Island,2018,9.597,31.4,4.25,138099021.0
Rhode Island,2019,9.873,29.1,4.25,130740848.0
South Carolina,1970,0.343,103.6,0.06,16737672.0
South Carolina,1971,0.341,115.0,0.06,17911044.0
South Carolina,1972,0.335,118.7,0.06,18928116.0
South Carolina,1973,0.352,125.5,0.06,20383460.0
South Carolina,1974,0.381,129.7,0.06,21209852.0
South Carolina,1975,0.41,130.5,0.06,21800180.0
South Carolina,1976,0.422,136.8,0.06,23170887.0
South Carolina,1977,0.492,137.2,0.06,23441273.0
South Carolina,1978,0.502,140.4,0.07,28273885.0
South Carolina,1979,0.523,135.7,0.07,27713875.0
South Carolina,1980,0.547,138.3,0.07,28389033.0
South Carolina,1981,0.619,136.1,0.07,29722415.0
South Carolina,1982,0.724,136.0,0.07,30151784.0
South Carolina,1983,0.813,131.1,0.07,29391530.0
South Carolina,1984,0.83,127.0,0.07,29419765.0
South Carolina,1985,0.887,125.4,0.07,29421407.0
South Carolina,1986,0.953,126.6,0.07,29522340.0
South Carolina,1987,0.999,126.6,0.07,30093670.0
South Carolina,1988,1.119,124.4,0.07,30114220.0
South Carolina,1989,1.252,122.4,0.07,29861721.0
South Carolina,1990,1.29,118.6,0.07,29140978.0
South Carolina,1991,1.519,121.5,0.07,29953372.0
South Carolina,1992,1.645,112.9,0.07,27846422.0
South Carolina,1993,1.391,115.2,0.07,28402000.0
South Carolina,1994,1.4,112.2,0.07,27996316.0
South Carolina,1995,1.495,109.2,0.07,28994603.0
South Carolina,1996,1.539,102.9,0.07,26468366.0
South Carolina,1997,1.653,124.5,0.07,32242879.0
South Carolina,1998,1.796,126.9,0.07,32877081.0
South Carolina,1999,2.553,109.4,0.07,28554305.0
South Carolina,2000,2.783,103.9,0.07,28077000.0
South Carolina,2001,3.024,96.6,0.07,25772858.0
South Carolina,2002,3.106,97.5,0.07,26350424.0
South Carolina,2003,3.167,95.7,0.07,25843905.0
South Carolina,2004,3.122,92.2,0.07,26759248.0
South Carolina,2005,3.147,94.0,0.07,27559820.0
South Carolina,2006,3.094,96.4,0.07,28724528.0
South Carolina,2007,3.262,91.2,0.07,27553662.0
South Carolina,2008,3.319,89.1,0.07,27468584.0
South Carolina,2009,3.967,85.0,0.07,26656877.0
South Carolina,2010,4.705,84.5,0.07,26912128.0
South Carolina,2011,4.844,69.9,0.57,138031843.0
South Carolina,2012,4.851,61.9,0.57,164019425.0
South Carolina,2013,4.879,62.0,0.57,163002662.0
South Carolina,2014,4.987,58.9,0.57,156356758.0
South Carolina,2015,5.029,56.1,0.57,153086500.0
South Carolina,2016,5.049,57.3,0.57,156101358.0
South Carolina,2017,5.142,55.5,0.57,154924581.0
South Carolina,2018,5.322,53.1,0.57,151957884.0
South Carolina,2019,5.569,52.6,0.57,157479471.0
South Dakota,1970,0.385,92.7,0.12,7360000.0
South Dakota,1971,0.391,96.7,0.12,7730000.0
South Dakota,1972,0.396,103.0,0.12,8280000.0
South Dakota,1973,0.404,103.5,0.12,8438000.0
South Dakota,1974,0.428,108.4,0.12,8909000.0
South Dakota,1975,0.45,113.5,0.12,9283000.0
South Dakota,1976,0.464,116.7,0.12,9561000.0
South Dakota,1977,0.532,115.6,0.12,9515000.0
South Dakota,1978,0.541,116.9,0.12,9665000.0
South Dakota,1979,0.588,117.4,0.12,9721000.0
South Dakota,1980,0.623,114.7,0.14,11053000.0
South Dakota,1981,0.68,115.7,0.14,11176000.0
South Dakota,1982,0.788,113.0,0.15,11615000.0
South Dakota,1983,0.898,109.8,0.15,11381000.0
South Dakota,1984,0.923,105.7,0.15,11191000.0
South Dakota,1985,1.085,104.4,0.15,11167000.0
South Dakota,1986,1.137,97.0,0.23,15673000.0
South Dakota,1987,1.247,95.8,0.23,15849000.0
South Dakota,1988,1.301,91.9,0.23,15261000.0
South Dakota,1989,1.389,87.4,0.23,14527000.0
South Dakota,1990,1.503,88.3,0.23,14679000.0
South Dakota,1991,1.63,91.8,0.23,14724000.0
South Dakota,1992,1.803,93.0,0.23,14943000.0
South Dakota,1993,1.544,91.6,0.23,14685000.0
South Dakota,1994,1.621,94.8,0.23,15303000.0
South Dakota,1995,1.712,98.6,0.23,16274000.0
South Dakota,1996,1.817,92.3,0.23,22456341.0
South Dakota,1997,1.928,88.8,0.33,21458178.0
South Dakota,1998,2.079,88.3,0.33,21321597.0
South Dakota,1999,2.729,83.5,0.33,20327478.0
South Dakota,2000,3.04,75.1,0.33,19251084.0
South Dakota,2001,3.275,78.1,0.33,19452005.0
South Dakota,2002,3.405,75.4,0.33,18837516.0
South Dakota,2003,3.483,73.2,0.53,21669573.0
South Dakota,2004,3.506,69.3,0.53,28171051.0
South Dakota,2005,3.539,68.7,0.53,28065888.0
South Dakota,2006,3.499,69.2,0.53,28462829.0
South Dakota,2007,4.391,58.5,1.53,43184955.0
South Dakota,2008,4.582,49.5,1.53,60271330.0
South Dakota,2009,5.437,49.7,1.53,61646193.0
South Dakota,2010,5.885,48.6,1.53,60417938.0
South Dakota,2011,5.842,43.8,1.53,54607887.0
South Dakota,2012,5.831,42.8,1.53,53980032.0
South Dakota,2013,5.766,42.7,1.53,54473910.0
South Dakota,2014,5.931,42.3,1.53,54732798.0
South Dakota,2015,6.221,40.7,1.53,53164088.0
South Dakota,2016,6.252,44.6,1.53,58833509.0
South Dakota,2017,6.455,41.6,1.53,55127979.0
South Dakota,2018,6.534,40.2,1.53,54892816.0
South Dakota,2019,6.693,35.0,1.53,47222260.0
Tennessee,1970,0.416,99.8,0.13,51529552.0
Tennessee,1971,0.416,106.3,0.13,54324788.0
Tennessee,1972,0.408,111.5,0.13,57838793.0
Tennessee,1973,0.425,109.7,0.13,57504328.0
Tennessee,1974,0.453,114.8,0.13,61589439.0
Tennessee,1975,0.483,117.4,0.13,62998951.0
Tennessee,1976,0.496,121.7,0.13,66254203.0
Tennessee,1977,0.548,124.6,0.13,68265256.0
Tennessee,1978,0.573,127.3,0.13,71135611.0
Tennessee,1979,0.603,127.2,0.13,72046814.0
Tennessee,1980,0.637,130.4,0.13,74254687.0
Tennessee,1981,0.683,129.1,0.13,77075964.0
Tennessee,1982,0.791,131.4,0.13,78807924.0
Tennessee,1983,0.883,129.0,0.13,78010310.0
Tennessee,1984,0.925,125.1,0.13,76741643.0
Tennessee,1985,0.988,128.7,0.13,79593436.0
Tennessee,1986,1.035,107.9,0.13,79745209.0
Tennessee,1987,1.121,130.6,0.13,81357705.0
Tennessee,1988,1.215,125.3,0.13,79785166.0
Tennessee,1989,1.35,124.7,0.13,79845917.0
Tennessee,1990,1.374,121.8,0.13,78338596.0
Tennessee,1991,1.639,120.6,0.13,76943846.0
Tennessee,1992,1.702,121.0,0.13,77135315.0
Tennessee,1993,1.503,120.8,0.13,77029000.0
Tennessee,1994,1.53,118.8,0.13,77049000.0
Tennessee,1995,1.559,125.4,0.13,84827807.0
Tennessee,1996,1.611,119.2,0.13,80884691.0
Tennessee,1997,1.677,118.9,0.13,82056793.0
Tennessee,1998,1.895,119.7,0.13,82777975.0
Tennessee,1999,2.612,115.8,0.13,80688000.0
Tennessee,2000,2.815,108.7,0.13,79981161.0
Tennessee,2001,3.071,103.5,0.13,76010568.0
Tennessee,2002,3.269,103.4,0.13,77116917.0
Tennessee,2003,3.182,93.2,0.2,107041135.0
Tennessee,2004,3.182,96.5,0.2,112734251.0
Tennessee,2005,3.257,97.0,0.2,114345060.0
Tennessee,2006,3.235,98.7,0.2,117658741.0
Tennessee,2007,3.738,107.4,0.2,129671397.0
Tennessee,2008,3.748,69.5,0.62,265812861.0
Tennessee,2009,4.644,77.0,0.62,296801064.0
Tennessee,2010,4.784,72.6,0.62,283488219.0
Tennessee,2011,4.925,71.7,0.62,282037904.0
Tennessee,2012,4.832,68.3,0.62,271048763.0
Tennessee,2013,4.965,66.2,0.62,265091159.0
Tennessee,2014,5.003,62.6,0.62,252266793.0
Tennessee,2015,4.993,62.2,0.62,252591583.0
Tennessee,2016,5.133,61.6,0.62,251898947.0
Tennessee,2017,5.206,59.2,0.62,244100257.0
Tennessee,2018,5.281,56.0,0.62,233013693.0
Tennessee,2019,5.545,55.5,0.62,232877687.0
Texas,1970,0.42,106.4,0.155,169554206.0
Texas,1971,0.469,108.9,0.155,189942675.0
Texas,1972,0.464,108.6,0.185,226503540.0
Texas,1973,0.475,110.4,0.185,236280843.0
Texas,1974,0.506,114.7,0.185,248277976.0
Texas,1975,0.533,116.0,0.185,256967461.0
Texas,1976,0.533,121.4,0.185,273166718.0
Texas,1977,0.591,124.2,0.185,283908123.0
Texas,1978,0.622,126.6,0.185,296923598.0
Texas,1979,0.637,126.4,0.185,301669878.0
Texas,1980,0.669,129.7,0.185,321154012.0
Texas,1981,0.738,129.0,0.185,339554173.0
Texas,1982,0.841,131.2,0.185,358491433.0
Texas,1983,0.938,126.4,0.185,357379664.0
Texas,1984,1.021,117.2,0.185,344699280.0
Texas,1985,1.055,115.9,0.195,360500225.0
Texas,1986,1.144,113.7,0.205,373506575.0
Texas,1987,1.28,105.8,0.205,355496360.0
Texas,1988,1.37,96.5,0.26,399060039.0
Texas,1989,1.457,94.5,0.26,410282050.0
Texas,1990,1.736,85.6,0.26,389745949.0
Texas,1991,1.86,79.6,0.26,552917679.0
Texas,1992,2.046,77.2,0.41,543222000.0
Texas,1993,1.777,81.3,0.41,572602310.0
Texas,1994,1.85,78.8,0.41,562276060.0
Texas,1995,1.884,75.2,0.41,559696209.0
Texas,1996,1.898,74.6,0.41,569079842.0
Texas,1997,2.018,72.6,0.41,569575890.0
Texas,1998,2.25,73.2,0.41,556503717.0
Texas,1999,2.923,67.8,0.41,539935144.0
Texas,2000,3.112,69.3,0.41,536877386.0
Texas,2001,3.267,62.1,0.41,495713837.0
Texas,2002,3.531,58.3,0.41,512895687.0
Texas,2003,3.487,58.9,0.41,490718568.0
Texas,2004,3.364,55.8,0.41,501571338.0
Texas,2005,3.375,55.4,0.41,507341005.0
Texas,2006,3.33,54.3,0.41,507159644.0
Texas,2007,4.455,49.3,1.41,1024383107.0
Texas,2008,4.549,43.9,1.41,1507229486.0
Texas,2009,5.529,42.3,1.41,1211322317.0
Texas,2010,5.642,38.2,1.41,1249918085.0
Texas,2011,5.731,38.7,1.41,1359519880.0
Texas,2012,5.659,36.7,1.41,1330330418.0
Texas,2013,5.747,36.2,1.41,1329662430.0
Texas,2014,5.763,33.7,1.41,1256724107.0
Texas,2015,5.946,33.8,1.41,1270386671.0
Texas,2016,6.043,32.8,1.41,1271800731.0
Texas,2017,6.244,31.9,1.41,1253705378.0
Texas,2018,6.318,29.1,1.41,1190923717.0
Texas,2019,6.482,28.8,1.41,1168588119.0
Utah,1970,0.366,65.5,0.08,5473433.0
Utah,1971,0.372,67.7,0.08,5794213.0
Utah,1972,0.365,71.3,0.08,6272275.0
Utah,1973,0.378,72.7,0.08,6534971.0
Utah,1974,0.405,75.6,0.08,6993604.0
Utah,1975,0.434,75.8,0.08,7111247.0
Utah,1976,0.447,77.9,0.08,7518081.0
Utah,1977,0.495,78.9,0.08,7755816.0
Utah,1978,0.537,79.6,0.08,8077185.0
Utah,1979,0.572,79.1,0.08,8270288.0
Utah,1980,0.627,74.8,0.1,10380880.0
Utah,1981,0.681,77.6,0.1,11332870.0
Utah,1982,0.82,73.6,0.1,11175540.0
Utah,1983,0.953,69.0,0.12,12863400.0
Utah,1984,1.046,66.3,0.12,13071387.0
Utah,1985,1.035,66.5,0.12,13412317.0
Utah,1986,1.086,64.4,0.12,12919309.0
Utah,1987,1.229,67.7,0.23,14969083.0
Utah,1988,1.356,55.0,0.23,21656003.0
Utah,1989,1.519,57.0,0.23,22551304.0
Utah,1990,1.671,53.4,0.23,21106378.0
Utah,1991,1.701,53.5,0.23,21395613.0
Utah,1992,1.801,55.0,0.23,24805000.0
Utah,1993,1.604,56.2,0.265,25898218.0
Utah,1994,1.688,55.8,0.265,26167144.0
Utah,1995,1.749,52.0,0.265,25812927.0
Utah,1996,1.862,54.0,0.265,27788866.0
Utah,1997,2.227,57.0,0.265,32657125.0
Utah,1998,2.437,42.3,0.265,43619557.0
Utah,1999,3.129,43.9,0.515,47440834.0
Utah,2000,3.312,40.7,0.515,46235015.0
Utah,2001,3.358,38.7,0.515,44467980.0
Utah,2002,3.812,40.1,0.695,47442128.0
Utah,2003,3.701,36.5,0.695,57529796.0
Utah,2004,3.76,34.2,0.695,55835597.0
Utah,2005,3.772,33.6,0.695,56598687.0
Utah,2006,3.722,34.5,0.695,59292150.0
Utah,2007,3.893,32.9,0.695,58224620.0
Utah,2008,4.029,31.3,0.695,57540080.0
Utah,2009,4.672,27.6,0.695,52419000.0
Utah,2010,5.891,26.7,0.695,54495284.0
Utah,2011,5.999,22.3,1.7,104570910.0
Utah,2012,6.24,23.0,1.7,110249352.0
Utah,2013,6.296,21.4,1.7,104045712.0
Utah,2014,6.349,19.5,1.7,96248832.0
Utah,2015,6.366,20.0,1.7,99867180.0
Utah,2016,6.504,18.5,1.7,94338780.0
Utah,2017,6.791,18.4,1.7,95612556.0
Utah,2018,6.777,17.1,1.7,90276188.0
Utah,2019,6.968,15.9,1.7,85293589.0
Vermont,1970,0.395,122.6,0.12,6458913.0
Vermont,1971,0.4,124.4,0.12,6674580.0
Vermont,1972,0.398,138.0,0.12,7586268.0
Vermont,1973,0.413,146.8,0.12,8136202.0
Vermont,1974,0.418,151.8,0.12,8454155.0
Vermont,1975,0.471,155.5,0.12,8776260.0
Vermont,1976,0.47,171.1,0.12,9671592.0
Vermont,1977,0.525,169.4,0.12,9674168.0
Vermont,1978,0.548,162.4,0.12,9412514.0
Vermont,1979,0.589,160.9,0.12,9404220.0
Vermont,1980,0.61,161.6,0.12,9635046.0
Vermont,1981,0.668,163.8,0.12,10047083.0
Vermont,1982,0.77,162.3,0.12,10047885.0
Vermont,1983,0.906,153.8,0.12,9521081.0
Vermont,1984,0.955,144.3,0.17,12567950.0
Vermont,1985,1.049,144.5,0.17,12992903.0
Vermont,1986,1.138,131.2,0.17,11932304.0
Vermont,1987,1.237,128.3,0.17,11726086.0
Vermont,1988,1.297,128.7,0.17,12040932.0
Vermont,1989,1.437,120.9,0.17,11431152.0
Vermont,1990,1.501,124.3,0.17,11769382.0
Vermont,1991,1.68,120.9,0.17,11678577.0
Vermont,1992,1.738,126.5,0.17,13307556.0
Vermont,1993,1.596,117.2,0.19,13274742.0
Vermont,1994,1.601,120.3,0.2,13764112.0
Vermont,1995,1.964,123.2,0.2,14262091.0
Vermont,1996,2.019,102.5,0.2,26267084.0
Vermont,1997,2.139,97.7,0.44,25804177.0
Vermont,1998,2.337,97.0,0.44,25129827.0
Vermont,1999,3.011,94.1,0.44,24376761.0
Vermont,2000,3.232,88.9,0.44,24144395.0
Vermont,2001,3.549,94.3,0.44,25256106.0
Vermont,2002,3.903,93.0,0.44,25084291.0
Vermont,2003,4.352,77.9,0.93,44390735.0
Vermont,2004,4.435,69.2,1.19,50984274.0
Vermont,2005,4.478,63.9,1.19,47271084.0
Vermont,2006,4.851,63.9,1.19,47398431.0
Vermont,2007,5.095,54.5,1.79,60814883.0
Vermont,2008,5.579,51.6,1.79,57330405.0
Vermont,2009,6.657,48.9,1.99,61819885.0
Vermont,2010,6.845,47.7,2.24,66469471.0
Vermont,2011,7.429,48.7,2.24,67896109.0
Vermont,2012,7.494,45.7,2.62,73270456.0
Vermont,2013,7.672,42.1,2.62,67417623.0
Vermont,2014,7.689,40.4,2.62,64804902.0
Vermont,2015,8.12,40.4,2.75,69580500.0
Vermont,2016,8.034,37.4,3.08,72105664.0
Vermont,2017,8.414,36.3,3.08,69405666.0
Vermont,2018,8.582,32.8,3.08,63033678.0
Vermont,2019,8.823,31.5,3.08,60801534.0
Virginia,1970,0.302,124.3,0.025,14508000.0
Virginia,1971,0.299,128.4,0.025,14934000.0
Virginia,1972,0.301,137.0,0.025,16147000.0
Virginia,1973,0.313,143.1,0.025,17043000.0
Virginia,1974,0.336,149.6,0.025,17997000.0
Virginia,1975,0.379,152.7,0.025,18736000.0
Virginia,1976,0.384,158.1,0.025,19630000.0
Virginia,1977,0.428,157.7,0.025,19842000.0
Virginia,1978,0.458,155.9,0.025,20017000.0
Virginia,1979,0.485,151.8,0.025,19535000.0
Virginia,1980,0.518,148.9,0.025,19350000.0
Virginia,1981,0.564,149.9,0.025,20035000.0
Virginia,1982,0.688,147.4,0.025,20004000.0
Virginia,1983,0.76,144.7,0.025,19613000.0
Virginia,1984,0.836,136.8,0.025,19099000.0
Virginia,1985,0.913,134.6,0.025,19149000.0
Virginia,1986,0.946,135.8,0.025,19370000.0
Virginia,1987,1.021,133.0,0.025,19232000.0
Virginia,1988,1.094,129.5,0.025,19242000.0
Virginia,1989,1.286,122.5,0.025,18516000.0
Virginia,1990,1.365,118.9,0.025,17979000.0
Virginia,1991,1.579,109.1,0.025,17085000.0
Virginia,1992,1.657,108.2,0.025,16947000.0
Virginia,1993,1.565,105.4,0.025,16504000.0
Virginia,1994,1.575,106.2,0.025,16707000.0
Virginia,1995,1.596,106.7,0.025,17392000.0
Virginia,1996,1.596,104.6,0.025,17432000.0
Virginia,1997,1.622,108.0,0.025,18031000.0
Virginia,1998,1.837,105.6,0.025,17616000.0
Virginia,1999,2.528,102.1,0.025,17195000.0
Virginia,2000,2.754,96.7,0.025,16918000.0
Virginia,2001,2.945,94.1,0.025,16680000.0
Virginia,2002,3.076,92.1,0.025,16554000.0
Virginia,2003,3.218,95.5,0.025,17157000.0
Virginia,2004,3.282,97.4,0.025,18655000.0
Virginia,2005,3.529,82.5,0.3,114212300.0
Virginia,2006,3.504,78.9,0.3,179923515.0
Virginia,2007,3.598,76.1,0.3,174548100.0
Virginia,2008,3.657,73.6,0.3,170273300.0
Virginia,2009,4.514,73.4,0.3,170247840.0
Virginia,2010,4.616,68.9,0.3,162996600.0
Virginia,2011,4.658,67.1,0.3,160997100.0
Virginia,2012,4.68,72.4,0.3,175753500.0
Virginia,2013,4.939,69.4,0.3,171078000.0
Virginia,2014,4.911,67.0,0.3,166131900.0
Virginia,2015,5.034,66.1,0.3,165112900.0
Virginia,2016,5.102,63.6,0.3,159945000.0
Virginia,2017,5.221,60.8,0.3,153421427.0
Virginia,2018,5.438,55.7,0.3,141561600.0
Virginia,2019,5.732,51.6,0.3,131839584.0
Washington,1970,0.403,96.7,0.11,36210467.0
Washington,1971,0.461,97.0,0.16,37667627.0
Washington,1972,0.459,88.5,0.16,48833040.0
Washington,1973,0.469,91.0,0.16,50113233.0
Washington,1974,0.49,98.6,0.16,54106070.0
Washington,1975,0.53,99.5,0.16,55315200.0
Washington,1976,0.537,100.3,0.16,56868365.0
Washington,1977,0.586,99.3,0.16,57489163.0
Washington,1978,0.616,101.3,0.16,59298458.0
Washington,1979,0.638,101.4,0.16,61252398.0
Washington,1980,0.666,101.4,0.16,63679946.0
Washington,1981,0.803,112.7,0.16,74445441.0
Washington,1982,0.931,106.6,0.208,90552150.0
Washington,1983,1.059,102.4,0.23,99088106.0
Washington,1984,1.144,96.2,0.23,95849952.0
Washington,1985,1.257,96.5,0.23,97277410.0
Washington,1986,1.342,94.2,0.31,103773418.0
Washington,1987,1.414,91.3,0.31,125013254.0
Washington,1988,1.506,88.2,0.31,124501713.0
Washington,1989,1.675,86.1,0.34,124800921.0
Washington,1990,1.774,83.4,0.34,131525085.0
Washington,1991,1.992,78.7,0.34,132644369.0
Washington,1992,2.023,81.1,0.34,136586160.0
Washington,1993,2.198,79.4,0.34,133869288.0
Washington,1994,2.258,72.6,0.34,196442982.0
Washington,1995,2.468,67.4,0.565,201140000.0
Washington,1996,2.651,58.1,0.565,257244781.0
Washington,1997,2.726,55.6,0.815,257054985.0
Washington,1998,2.867,56.4,0.825,259084364.0
Washington,1999,3.598,55.1,0.825,253428006.0
Washington,2000,3.816,52.8,0.825,254769877.0
Washington,2001,3.953,50.2,0.825,237887088.0
Washington,2002,4.773,45.0,1.425,307700759.0
Washington,2003,4.661,40.1,1.425,337777964.0
Washington,2004,4.728,37.7,1.425,327543000.0
Washington,2005,5.284,37.2,1.425,329823662.0
Washington,2006,5.404,33.7,2.025,425194827.0
Washington,2007,5.512,32.4,2.025,418813578.0
Washington,2008,5.685,31.9,2.025,421138453.0
Washington,2009,6.568,30.1,2.025,400186980.0
Washington,2010,7.613,25.6,3.025,389057619.0
Washington,2011,7.636,21.7,3.025,433534241.0
Washington,2012,7.693,20.3,3.025,425647356.0
Washington,2013,7.745,19.5,3.025,407722946.0
Washington,2014,7.815,18.6,3.025,393063237.0
Washington,2015,7.852,18.8,3.025,402360090.0
Washington,2016,7.986,18.0,3.025,390718680.0
Washington,2017,8.179,17.0,3.025,375686850.0
Washington,2018,8.316,16.1,3.025,357444614.0
Washington,2019,8.569,15.0,3.025,345688015.0
West Virginia,1970,0.416,114.5,0.07,14580000.0
West Virginia,1971,0.413,111.5,0.12,23472000.0
West Virginia,1972,0.399,117.5,0.12,24717000.0
West Virginia,1973,0.42,116.6,0.12,24924000.0
West Virginia,1974,0.452,119.9,0.12,25830000.0
West Virginia,1975,0.484,123.2,0.12,26495000.0
West Virginia,1976,0.489,129.7,0.12,28102000.0
West Virginia,1977,0.539,133.9,0.12,29284000.0
West Virginia,1978,0.624,131.6,0.17,30369000.0
West Virginia,1979,0.643,122.1,0.17,38961000.0
West Virginia,1980,0.662,122.3,0.17,39103000.0
West Virginia,1981,0.751,120.5,0.17,39947000.0
West Virginia,1982,0.882,119.8,0.17,39766000.0
West Virginia,1983,0.972,115.7,0.17,38299000.0
West Virginia,1984,1.032,111.9,0.17,37546000.0
West Virginia,1985,1.041,109.1,0.17,36584000.0
West Virginia,1986,1.128,112.1,0.17,36898000.0
West Virginia,1987,1.222,107.5,0.17,35963000.0
West Virginia,1988,1.312,109.1,0.17,35897000.0
West Virginia,1989,1.429,104.0,0.17,33936000.0
West Virginia,1990,1.441,104.1,0.17,33910000.0
West Virginia,1991,1.582,100.1,0.17,33678000.0
West Virginia,1992,1.662,98.0,0.17,29666000.0
West Virginia,1993,1.501,111.0,0.17,34588000.0
West Virginia,1994,1.568,104.2,0.17,31604000.0
West Virginia,1995,1.573,115.8,0.17,35763000.0
West Virginia,1996,1.609,112.7,0.17,35120000.0
West Virginia,1997,1.711,114.5,0.17,35549000.0
West Virginia,1998,1.924,114.6,0.17,35562000.0
West Virginia,1999,2.537,112.4,0.17,34713000.0
West Virginia,2000,2.758,107.9,0.17,33766000.0
West Virginia,2001,2.942,109.4,0.17,33480000.0
West Virginia,2002,3.046,110.7,0.17,33921851.0
West Virginia,2003,3.463,122.2,0.55,44987757.0
West Virginia,2004,3.364,104.0,0.55,100828843.0
West Virginia,2005,3.394,102.4,0.55,102121525.0
West Virginia,2006,3.478,112.2,0.55,112116409.0
West Virginia,2007,3.567,110.5,0.55,110537416.0
West Virginia,2008,3.704,112.8,0.55,112409000.0
West Virginia,2009,4.515,115.8,0.55,115566000.0
West Virginia,2010,4.588,113.0,0.55,113101478.0
West Virginia,2011,4.63,107.9,0.55,109958145.0
West Virginia,2012,4.752,105.0,0.55,107151660.0
West Virginia,2013,4.83,103.1,0.55,105256965.0
West Virginia,2014,4.868,97.4,0.55,99334703.0
West Virginia,2015,4.9,97.3,0.55,98984095.0
West Virginia,2016,5.668,95.5,0.55,96872325.0
West Virginia,2017,5.88,82.2,1.2,180702900.0
West Virginia,2018,6.035,75.7,1.2,165050460.0
West Virginia,2019,6.237,75.0,1.2,162543400.0
Wisconsin,1970,0.402,106.4,0.14,59274000.0
Wisconsin,1971,0.403,105.4,0.14,65437000.0
Wisconsin,1972,0.426,108.8,0.16,73981000.0
Wisconsin,1973,0.439,109.5,0.16,79207000.0
Wisconsin,1974,0.466,111.8,0.16,81904000.0
Wisconsin,1975,0.513,113.5,0.16,82735000.0
Wisconsin,1976,0.521,115.4,0.16,85040000.0
Wisconsin,1977,0.571,117.2,0.16,86415000.0
Wisconsin,1978,0.587,116.7,0.16,86984000.0
Wisconsin,1979,0.612,117.1,0.16,87984000.0
Wisconsin,1980,0.649,117.6,0.16,89273000.0
Wisconsin,1981,0.75,119.9,0.16,90783000.0
Wisconsin,1982,0.92,115.6,0.25,110331468.0
Wisconsin,1983,1.008,106.3,0.25,127739461.0
Wisconsin,1984,1.068,105.6,0.25,126570755.0
Wisconsin,1985,1.108,107.0,0.25,128653014.0
Wisconsin,1986,1.163,105.4,0.25,126913372.0
Wisconsin,1987,1.286,106.0,0.25,128916821.0
Wisconsin,1988,1.383,102.6,0.3,147667224.0
Wisconsin,1989,1.511,100.3,0.3,146000027.0
Wisconsin,1990,1.586,94.1,0.3,140767838.0
Wisconsin,1991,1.765,95.5,0.3,140746376.0
Wisconsin,1992,1.955,96.2,0.3,149382335.0
Wisconsin,1993,1.786,91.2,0.38,170281849.0
Wisconsin,1994,1.88,91.8,0.38,161345335.0
Wisconsin,1995,2.005,93.5,0.38,180497908.0
Wisconsin,1996,2.007,92.1,0.38,202005224.0
Wisconsin,1997,2.108,91.9,0.44,208741720.0
Wisconsin,1998,2.435,88.7,0.44,251988613.0
Wisconsin,1999,3.128,84.4,0.59,261608153.0
Wisconsin,2000,3.304,80.1,0.59,251615848.0
Wisconsin,2001,3.846,78.2,0.59,247471780.0
Wisconsin,2002,3.951,75.3,0.77,293464555.0
Wisconsin,2003,3.813,71.0,0.77,298473027.0
Wisconsin,2004,3.761,69.9,0.77,296060429.0
Wisconsin,2005,3.783,70.1,0.77,299086407.0
Wisconsin,2006,3.868,71.3,0.77,306392438.0
Wisconsin,2007,4.093,69.7,0.77,300944734.0
Wisconsin,2008,5.027,66.7,1.77,460367717.0
Wisconsin,2009,6.921,55.3,1.77,555223007.0
Wisconsin,2010,7.021,48.2,2.52,648822851.0
Wisconsin,2011,7.125,42.5,2.52,609094792.0
Wisconsin,2012,7.24,41.2,2.52,591894863.0
Wisconsin,2013,7.421,39.8,2.52,573163403.0
Wisconsin,2014,7.53,39.9,2.52,576773290.0
Wisconsin,2015,7.447,39.5,2.52,573562112.0
Wisconsin,2016,7.51,39.7,2.52,577453681.0
Wisconsin,2017,7.544,39.0,2.52,568176307.0
Wisconsin,2018,7.645,37.2,2.52,543000892.0
Wisconsin,2019,7.93,35.4,2.52,518420169.0
Wyoming,1970,0.344,132.2,0.06,3381000.0
Wyoming,1971,0.344,131.7,0.08,3517000.0
Wyoming,1972,0.344,140.0,0.08,3806000.0
Wyoming,1973,0.358,141.2,0.08,3894000.0
Wyoming,1974,0.386,145.8,0.08,4117000.0
Wyoming,1975,0.426,160.7,0.08,4614000.0
Wyoming,1976,0.434,161.5,0.08,4834000.0
Wyoming,1977,0.498,160.4,0.08,5003000.0
Wyoming,1978,0.517,160.3,0.08,5205000.0
Wyoming,1979,0.553,168.6,0.08,5720000.0
Wyoming,1980,0.559,158.1,0.08,5691000.0
Wyoming,1981,0.643,163.1,0.08,6146000.0
Wyoming,1982,0.71,157.7,0.08,6208000.0
Wyoming,1983,0.817,141.2,0.08,5671000.0
Wyoming,1984,0.874,128.9,0.08,5336000.0
Wyoming,1985,0.978,125.7,0.08,5178000.0
Wyoming,1986,1.027,124.8,0.08,5071000.0
Wyoming,1987,1.129,110.4,0.08,4562000.0
Wyoming,1988,1.186,114.3,0.08,4577000.0
Wyoming,1989,1.295,111.4,0.08,4373000.0
Wyoming,1990,1.27,96.9,0.08,5701000.0
Wyoming,1991,1.551,109.1,0.12,5878000.0
Wyoming,1992,1.669,110.8,0.12,5971000.0
Wyoming,1993,1.474,108.4,0.12,5842000.0
Wyoming,1994,1.53,111.2,0.12,6033000.0
Wyoming,1995,1.625,115.0,0.12,6445000.0
Wyoming,1996,1.641,110.3,0.12,6344000.0
Wyoming,1997,1.688,108.8,0.12,6331000.0
Wyoming,1998,1.896,102.9,0.12,6116000.0
Wyoming,1999,2.671,104.8,0.12,6037000.0
Wyoming,2000,2.912,90.5,0.12,5704464.0
Wyoming,2001,3.103,92.9,0.12,5507400.0
Wyoming,2002,3.139,93.2,0.12,5369365.0
Wyoming,2003,3.556,115.5,0.12,6850800.0
Wyoming,2004,3.621,47.5,0.6,15680411.0
Wyoming,2005,3.65,76.4,0.6,23170752.0
Wyoming,2006,3.724,78.8,0.6,24084000.0
Wyoming,2007,3.74,83.0,0.6,25632000.0
Wyoming,2008,3.876,79.0,0.6,24786000.0
Wyoming,2009,4.681,76.7,0.6,24459794.0
Wyoming,2010,4.885,65.7,0.6,21445910.0
Wyoming,2011,4.857,70.5,0.6,23884954.0
Wyoming,2012,4.896,61.5,0.6,20917040.0
Wyoming,2013,5.018,60.8,0.6,21036314.0
Wyoming,2014,5.1,56.4,0.6,19739879.0
Wyoming,2015,5.168,58.6,0.6,20549408.0
Wyoming,2016,5.264,54.6,0.6,19196922.0
Wyoming,2017,5.327,52.4,0.6,18353556.0
Wyoming,2018,5.456,50.4,0.6,17523389.0
Wyoming,2019,5.679,49.4,0.6,17125915.0
